EmployeeID,FirstName,LastName,Email,HireDate,PhoneNumber,CurrentStatus,ManagerID,DepartmentID,RoleID
1,Agathe,St Ledger,astledger0@google.ru,09/16/2020,+86 632 134 8825,Not Active,1,1,1
2,Temple,Lavis,tlavis1@hp.com,03/22/2020,+62 974 251 8699,Not Active,2,2,2
3,Barde,Addlestone,baddlestone2@pagesperso-orange.fr,02/23/2020,+86 525 324 3949,Not Active,3,3,3
4,Adelbert,Matokhnin,amatokhnin3@purevolume.com,07/26/2020,+992 278 306 4036,Not Active,4,4,4
5,Leonora,Bernardelli,lbernardelli4@wp.com,07/18/2020,+86 316 789 6980,Not Active,5,5,5
6,Ewen,Mouncher,emouncher5@blogs.com,07/31/2021,+1 646 544 4704,Not Active,6,6,6
7,Wylma,Rawlinson,wrawlinson6@hhs.gov,06/03/2021,+1 714 626 7347,Not Active,7,7,7
8,Fulton,Ledgerton,fledgerton7@census.gov,11/09/2021,+51 447 829 1402,Not Active,8,8,8
9,Far,Aloshkin,faloshkin8@addthis.com,08/28/2021,+46 138 194 3431,Not Active,9,9,9
10,Lucille,Mazzia,lmazzia9@eepurl.com,02/15/2021,+86 347 964 8452,Not Active,10,10,10
11,Alice,De Freyne,adefreynea@prlog.org,01/06/2020,+218 416 152 8836,Not Active,11,11,11
12,Reidar,Carsberg,rcarsbergb@mapy.cz,03/31/2020,+48 252 994 4354,Not Active,12,12,12
13,Deeyn,Caseborne,dcasebornec@buzzfeed.com,05/19/2021,+351 186 976 1717,Not Active,13,13,13
14,Michaeline,Dingate,mdingated@fema.gov,10/28/2021,+7 813 327 8540,Not Active,14,14,14
15,Simon,Bernardt,sbernardte@deliciousdays.com,04/17/2021,+86 867 213 5487,Not Active,15,15,15
16,Tanhya,Hanscombe,thanscombef@tiny.cc,11/09/2020,+62 162 517 5493,Not Active,16,16,16
17,Emile,Doey,edoeyg@hao123.com,02/12/2020,+212 342 167 7938,Not Active,17,17,17
18,Sherry,Bussens,sbussensh@360.cn,12/01/2020,+374 784 821 1582,Not Active,18,18,18
19,Hersh,Awcoate,hawcoatei@eepurl.com,11/09/2020,+55 570 398 8232,Not Active,19,19,19
20,Dotti,Rospars,drosparsj@xing.com,03/06/2020,+385 894 335 2291,Not Active,20,20,20
21,Randi,Haszard,rhaszardk@admin.ch,05/06/2021,+86 361 563 1867,Not Active,21,21,21
22,Lazaro,Lambersen,llambersenl@mysql.com,04/16/2021,+234 806 148 7269,Not Active,22,22,22
23,Sandie,Pechold,specholdm@hhs.gov,11/26/2021,+62 660 160 3423,Not Active,23,23,23
24,Anne-corinne,Atrill,aatrilln@state.tx.us,02/28/2020,+46 918 999 3765,Not Active,24,24,24
25,Jarrad,Draysay,jdraysayo@marriott.com,12/23/2022,+509 636 772 6309,Not Active,25,25,25
26,Denney,Quayle,dquaylep@house.gov,02/15/2022,+228 702 221 0044,Not Active,26,26,26
27,Ringo,Kenworth,rkenworthq@wordpress.com,01/28/2020,+63 913 227 9291,Not Active,27,27,27
28,Boigie,Mullett,bmullettr@studiopress.com,12/25/2021,+48 229 137 7686,Not Active,28,28,28
29,Drew,Huckster,dhucksters@mit.edu,07/11/2021,+86 891 857 7027,Not Active,29,29,29
30,Rolph,Sarjeant,rsarjeantt@mapy.cz,09/15/2022,+420 420 338 8964,Not Active,30,30,30
31,Elinore,Newbatt,enewbattu@geocities.com,02/14/2022,+53 711 903 3959,Not Active,31,31,31
32,Vida,Rumin,vruminv@slashdot.org,07/21/2022,+86 793 495 3457,Not Active,32,32,32
33,Corry,Roo,croow@weather.com,03/06/2022,+30 300 185 7962,Not Active,33,33,33
34,Wakefield,Jesper,wjesperx@wunderground.com,06/03/2022,+370 585 826 9057,Not Active,34,34,34
35,Willie,Gerritsma,wgerritsmay@mediafire.com,05/05/2022,+420 418 546 3645,Not Active,35,35,35
36,Marion,Witsey,mwitseyz@usgs.gov,02/18/2022,+55 788 695 3000,Not Active,36,36,36
37,Karon,Raspel,kraspel10@craigslist.org,05/17/2022,+86 871 908 9881,Not Active,37,37,37
38,Fredrick,Freschi,ffreschi11@archive.org,06/14/2021,+375 174 771 0275,Not Active,38,38,38
39,Emelina,Hallt,ehallt12@slashdot.org,10/02/2021,+263 213 375 0568,Not Active,39,39,39
40,Cordie,Lumbly,clumbly13@tripod.com,09/13/2021,+55 684 962 1166,Not Active,40,40,40
41,Guthry,Webben,gwebben14@youtu.be,05/31/2020,+63 494 901 6500,Not Active,41,41,41
42,Afton,Mixture,amixture15@dot.gov,11/27/2020,+354 466 432 3362,Not Active,42,42,42
43,Federico,Coffin,fcoffin16@twitter.com,06/30/2022,+33 973 371 2430,Not Active,43,43,43
44,Emelda,Jeavons,ejeavons17@usa.gov,05/14/2021,+58 439 828 1563,Not Active,44,44,44
45,Nanete,Tissier,ntissier18@sciencedaily.com,02/05/2020,+51 960 253 7245,Not Active,45,45,45
46,Ingelbert,Pascow,ipascow19@wikimedia.org,04/07/2020,+33 922 304 1996,Not Active,46,46,46
47,Rosco,Hounsham,rhounsham1a@gmpg.org,02/17/2020,+62 573 863 3861,Not Active,47,47,47
48,Pip,Mathers,pmathers1b@free.fr,11/02/2022,+57 907 844 2283,Not Active,48,48,48
49,Abbi,Featherbie,afeatherbie1c@prlog.org,01/06/2021,+33 531 842 7694,Not Active,49,49,49
50,Dix,Nuzzti,dnuzzti1d@cnn.com,04/28/2021,+385 673 381 0822,Not Active,50,50,50
51,Linette,O'Giany,logiany1e@pagesperso-orange.fr,10/19/2021,+7 483 796 3198,Not Active,51,51,51
52,Dori,Horrod,dhorrod1f@blogs.com,04/08/2020,+62 773 703 7490,Not Active,52,52,52
53,Raquela,Rivalant,rrivalant1g@uol.com.br,04/21/2022,+351 840 835 5413,Not Active,53,53,53
54,Floyd,Jones,fjones1h@thetimes.co.uk,12/25/2021,+62 906 448 0108,Not Active,54,54,54
55,Alberta,Fussie,afussie1i@toplist.cz,07/15/2020,+7 816 766 5485,Not Active,55,55,55
56,Nicol,Margach,nmargach1j@jimdo.com,02/21/2021,+86 267 443 3951,Not Active,56,56,56
57,Arv,Antonsen,aantonsen1k@ning.com,02/05/2021,+351 942 930 2860,Not Active,57,57,57
58,Desmond,Bickley,dbickley1l@xing.com,09/16/2021,+86 808 318 9376,Not Active,58,58,58
59,Fanechka,Southgate,fsouthgate1m@blinklist.com,12/28/2020,+62 550 221 0477,Not Active,59,59,59
60,Monique,Hansana,mhansana1n@alexa.com,06/16/2021,+55 117 709 1350,Not Active,60,60,60
61,Cosme,Kay,ckay1o@wix.com,11/03/2022,+353 404 127 0665,Not Active,61,61,61
62,Gauthier,Welberry,gwelberry1p@bravesites.com,08/05/2021,+86 192 157 0012,Not Active,62,62,62
63,Sandy,Vittori,svittori1q@livejournal.com,06/28/2020,+55 425 210 4255,Not Active,63,63,63
64,Babita,Linzey,blinzey1r@about.com,08/22/2022,+677 760 704 4823,Not Active,64,64,64
65,Belvia,Ricioppo,bricioppo1s@tinypic.com,08/31/2021,+92 389 864 7714,Not Active,65,65,65
66,Angelika,Kibbee,akibbee1t@cbslocal.com,06/20/2020,+62 979 700 9715,Not Active,66,66,66
67,Flossie,Comberbeach,fcomberbeach1u@nps.gov,02/10/2020,+55 348 182 8497,Not Active,67,67,67
68,Gwenore,Antyukhin,gantyukhin1v@mlb.com,04/13/2021,+380 552 975 7151,Not Active,68,68,68
69,Wain,Regler,wregler1w@si.edu,04/01/2022,+86 219 268 1408,Not Active,69,69,69
70,Vilma,Carncross,vcarncross1x@mit.edu,10/03/2022,+850 369 558 8818,Not Active,70,70,70
71,Eldredge,Olexa,eolexa1y@virginia.edu,08/04/2021,+359 921 238 9568,Not Active,71,71,71
72,Jana,Hilary,jhilary1z@narod.ru,05/12/2022,+7 953 568 2000,Not Active,72,72,72
73,Caralie,Tankard,ctankard20@booking.com,11/22/2020,+66 979 248 3702,Not Active,73,73,73
74,Lishe,Baggarley,lbaggarley21@bloomberg.com,10/27/2020,+62 813 218 5534,Not Active,74,74,74
75,Shea,Woolner,swoolner22@g.co,01/04/2020,+1 770 381 5619,Not Active,75,75,75
76,Woodrow,Martinho,wmartinho23@1und1.de,02/16/2020,+62 235 858 0124,Not Active,76,76,76
77,Ame,Gumary,agumary24@army.mil,09/12/2021,+380 723 977 1413,Not Active,77,77,77
78,Rachael,Bland,rbland25@time.com,10/29/2022,+351 704 958 7419,Not Active,78,78,78
79,Anne-corinne,Went,awent26@skyrock.com,07/02/2022,+62 454 384 4601,Not Active,79,79,79
80,Debora,Pescod,dpescod27@mayoclinic.com,01/13/2020,+62 476 777 6737,Not Active,80,80,80
81,Reuven,Mauvin,rmauvin28@imageshack.us,08/22/2022,+63 294 343 8331,Not Active,81,81,81
82,Garold,Winchcombe,gwinchcombe29@icq.com,02/07/2022,+30 744 182 9641,Not Active,82,82,82
83,Maddie,Dufer,mdufer2a@wikimedia.org,02/08/2022,+81 315 493 4935,Not Active,83,83,83
84,Keene,Tine,ktine2b@nsw.gov.au,02/22/2021,+81 674 246 9707,Not Active,84,84,84
85,Myrwyn,Brattan,mbrattan2c@nytimes.com,01/31/2020,+7 591 437 1730,Not Active,85,85,85
86,Mollie,Levington,mlevington2d@webnode.com,03/21/2022,+351 737 956 1422,Not Active,86,86,86
87,Dulciana,Whitsey,dwhitsey2e@etsy.com,04/25/2021,+502 249 945 3241,Not Active,87,87,87
88,Jenelle,Doone,jdoone2f@ifeng.com,01/09/2022,+57 797 506 4612,Not Active,88,88,88
89,Nikoletta,Shimwell,nshimwell2g@e-recht24.de,03/06/2022,+1 565 982 9562,Not Active,89,89,89
90,Ethan,Clendennen,eclendennen2h@live.com,05/19/2021,+98 776 824 1022,Not Active,90,90,90
91,Kelley,Incogna,kincogna2i@biglobe.ne.jp,11/30/2020,+46 686 701 3425,Not Active,91,91,91
92,Greggory,Dignon,gdignon2j@rediff.com,11/25/2020,+220 862 685 0010,Not Active,92,92,92
93,Alis,Mordin,amordin2k@google.cn,11/21/2021,+52 974 779 3419,Not Active,93,93,93
94,Arny,Hartland,ahartland2l@psu.edu,10/22/2022,+86 837 989 0448,Not Active,94,94,94
95,Bathsheba,Klemmt,bklemmt2m@arizona.edu,05/04/2021,+255 552 459 3453,Not Active,95,95,95
96,Raoul,Kornilov,rkornilov2n@baidu.com,06/03/2022,+66 675 418 5178,Not Active,96,96,96
97,Kathleen,Belvard,kbelvard2o@nymag.com,11/04/2022,+62 620 911 4590,Not Active,97,97,97
98,Everard,Denecamp,edenecamp2p@arizona.edu,01/26/2022,+51 744 237 8084,Not Active,98,98,98
99,Amitie,Ughi,aughi2q@myspace.com,08/13/2021,+82 681 733 2252,Not Active,99,99,99
100,Ned,Pixton,npixton2r@cargocollective.com,06/13/2022,+966 766 255 8981,Not Active,100,100,100
101,Paolo,Gyngell,pgyngell2s@jiathis.com,10/15/2020,+30 214 957 7451,Not Active,101,101,101
102,Gusty,Dilland,gdilland2t@wired.com,08/17/2021,+60 734 612 6315,Not Active,102,102,102
103,Armin,Allwright,aallwright2u@angelfire.com,09/20/2021,+7 831 437 7143,Not Active,103,103,103
104,Cletis,Chastang,cchastang2v@unesco.org,09/01/2020,+86 272 336 6913,Not Active,104,104,104
105,Temple,Treweke,ttreweke2w@comsenz.com,12/10/2022,+46 313 423 7172,Not Active,105,105,105
106,Pepillo,McArtan,pmcartan2x@army.mil,03/21/2022,+86 726 357 4192,Not Active,106,106,106
107,Tristan,Jendrys,tjendrys2y@360.cn,01/03/2020,+54 240 117 4528,Not Active,107,107,107
108,Sunny,Gadault,sgadault2z@abc.net.au,09/29/2021,+55 492 938 0662,Not Active,108,108,108
109,Tamiko,Pay,tpay30@google.ru,05/04/2021,+55 166 190 6287,Not Active,109,109,109
110,Conrade,Stranks,cstranks31@flavors.me,07/31/2022,+86 145 453 6509,Not Active,110,110,110
111,Hillier,Jardin,hjardin32@pinterest.com,04/08/2020,+31 919 953 0820,Not Active,111,111,111
112,Dal,Glackin,dglackin33@oaic.gov.au,11/13/2022,+7 380 251 0319,Not Active,112,112,112
113,Ian,Loisi,iloisi34@google.co.jp,04/23/2020,+86 307 227 5580,Not Active,113,113,113
114,Ann,Rosten,arosten35@devhub.com,11/16/2021,+86 926 560 5939,Not Active,114,114,114
115,Marlowe,Lythgoe,mlythgoe36@wisc.edu,11/11/2020,+62 245 311 9596,Not Active,115,115,115
116,Lucina,Worthington,lworthington37@last.fm,10/31/2022,+7 431 133 5930,Not Active,116,116,116
117,Chicky,De Freyne,cdefreyne38@wix.com,07/29/2021,+86 891 219 3730,Not Active,117,117,117
118,Etienne,Brigstock,ebrigstock39@jigsy.com,07/12/2021,+63 143 739 5445,Not Active,118,118,118
119,Simone,Belsham,sbelsham3a@tripadvisor.com,11/02/2022,+63 425 669 6033,Not Active,119,119,119
120,Lucia,Iacomettii,liacomettii3b@myspace.com,01/01/2022,+30 392 192 7671,Not Active,120,120,120
121,Nancie,Metrick,nmetrick3c@jiathis.com,07/13/2020,+994 219 562 9516,Not Active,121,121,121
122,Celinka,Spendley,cspendley3d@jugem.jp,11/24/2021,+86 709 179 3614,Not Active,122,122,122
123,Rutter,Jon,rjon3e@prnewswire.com,09/30/2020,+86 901 282 9095,Not Active,123,123,123
124,Felicity,Barrow,fbarrow3f@ovh.net,12/21/2021,+86 601 925 1802,Not Active,124,124,124
125,Reinaldo,Lodwig,rlodwig3g@goo.ne.jp,12/12/2020,+232 300 693 0652,Not Active,125,125,125
126,Kenon,Coventon,kcoventon3h@vinaora.com,03/22/2020,+251 866 146 2281,Not Active,126,126,126
127,Delcine,Soughton,dsoughton3i@live.com,10/08/2021,+86 459 240 1668,Not Active,127,127,127
128,Hettie,Neill,hneill3j@pagesperso-orange.fr,04/08/2021,+30 133 194 3352,Not Active,128,128,128
129,Land,Mushett,lmushett3k@netlog.com,11/14/2020,+7 940 543 2796,Not Active,129,129,129
130,Tally,Dorman,tdorman3l@mozilla.com,05/29/2021,+1 367 180 8378,Not Active,130,130,130
131,Basilius,Wheway,bwheway3m@cnbc.com,03/31/2022,+86 330 622 3325,Not Active,131,131,131
132,Geno,Konerding,gkonerding3n@utexas.edu,05/16/2020,+63 351 427 9377,Not Active,132,132,132
133,Barnebas,Easun,beasun3o@clickbank.net,01/27/2020,+86 396 574 4666,Not Active,133,133,133
134,Mead,Gripton,mgripton3p@people.com.cn,02/03/2021,+7 593 978 4019,Not Active,134,134,134
135,Drake,MacDuffie,dmacduffie3q@noaa.gov,03/19/2022,+62 172 256 1543,Not Active,135,135,135
136,Dame,Widdowson,dwiddowson3r@facebook.com,05/05/2020,+54 432 740 2077,Not Active,136,136,136
137,Henrik,Manilow,hmanilow3s@delicious.com,10/02/2020,+58 795 273 1284,Not Active,137,137,137
138,Almeria,Reeken,areeken3t@ftc.gov,12/11/2020,+86 978 771 7481,Not Active,138,138,138
139,Warner,Peinke,wpeinke3u@buzzfeed.com,05/13/2022,+92 132 857 4752,Not Active,139,139,139
140,Inez,Burgett,iburgett3v@wordpress.org,05/02/2021,+62 846 549 7071,Not Active,140,140,140
141,Noland,Grishmanov,ngrishmanov3w@slideshare.net,08/12/2020,+1 113 691 2854,Not Active,141,141,141
142,Ola,Hammell,ohammell3x@typepad.com,08/24/2021,+351 374 599 0900,Not Active,142,142,142
143,Felicle,Witcherley,fwitcherley3y@howstuffworks.com,05/09/2022,+351 170 792 7846,Not Active,143,143,143
144,Jarrid,Hickenbottom,jhickenbottom3z@msn.com,03/05/2021,+502 178 923 3481,Not Active,144,144,144
145,Flemming,Rissen,frissen40@phoca.cz,08/18/2022,+62 588 532 6130,Not Active,145,145,145
146,Debor,Stroton,dstroton41@liveinternet.ru,10/25/2020,+46 514 699 6033,Not Active,146,146,146
147,Julieta,Rabbatts,jrabbatts42@europa.eu,03/31/2021,+855 573 755 6360,Not Active,147,147,147
148,Luisa,Ratie,lratie43@mtv.com,05/11/2022,+351 431 422 0999,Not Active,148,148,148
149,Katharine,Dodshun,kdodshun44@springer.com,11/25/2021,+598 872 980 9683,Not Active,149,149,149
150,Rona,Bonelle,rbonelle45@netscape.com,01/12/2021,+33 398 368 2949,Not Active,150,150,150
151,Matthew,Melmeth,mmelmeth46@pinterest.com,06/30/2021,+506 266 629 0768,Not Active,151,151,151
152,Nehemiah,Waddingham,nwaddingham47@nymag.com,03/19/2022,+55 398 975 3997,Not Active,152,152,152
153,Tarrance,Erie,terie48@blogger.com,03/10/2020,+1 512 610 5146,Not Active,153,153,153
154,Felecia,Jarmyn,fjarmyn49@etsy.com,08/23/2020,+86 839 973 6888,Not Active,154,154,154
155,Mortie,Lesor,mlesor4a@bloglovin.com,07/03/2020,+62 663 661 8161,Not Active,155,155,155
156,Moira,Gooder,mgooder4b@symantec.com,05/19/2022,+269 287 890 3421,Not Active,156,156,156
157,Desiree,Coatts,dcoatts4c@hubpages.com,10/03/2020,+234 935 224 9352,Not Active,157,157,157
158,Lukas,Painswick,lpainswick4d@stumbleupon.com,03/14/2021,+48 388 289 7312,Not Active,158,158,158
159,Davie,Binnie,dbinnie4e@cocolog-nifty.com,04/09/2022,+84 711 437 4597,Not Active,159,159,159
160,Bessy,Wimes,bwimes4f@unicef.org,12/10/2021,+63 647 631 2549,Not Active,160,160,160
161,Marielle,Coneley,mconeley4g@yandex.ru,12/04/2020,+63 596 240 6399,Not Active,161,161,161
162,Kimmie,Gent,kgent4h@wikipedia.org,06/11/2022,+48 795 206 1508,Not Active,162,162,162
163,Gui,Proudley,gproudley4i@hugedomains.com,07/20/2021,+55 357 330 7706,Not Active,163,163,163
164,Aurilia,Rean,arean4j@mac.com,05/04/2022,+1 612 973 2555,Not Active,164,164,164
165,Brnaba,Lubman,blubman4k@themeforest.net,05/25/2020,+62 721 298 9276,Not Active,165,165,165
166,Fredia,Briscam,fbriscam4l@globo.com,03/16/2020,+62 350 428 2991,Not Active,166,166,166
167,Jacinthe,Feenan,jfeenan4m@theguardian.com,06/06/2021,+63 885 340 0489,Not Active,167,167,167
168,Marigold,Gwilliam,mgwilliam4n@mozilla.com,06/17/2020,+420 749 566 4796,Not Active,168,168,168
169,Marylee,McGavigan,mmcgavigan4o@ehow.com,06/12/2020,+86 676 645 9579,Not Active,169,169,169
170,Darlene,Tredinnick,dtredinnick4p@ed.gov,06/05/2021,+504 584 430 2679,Not Active,170,170,170
171,Dixie,Dybell,ddybell4q@bravesites.com,11/07/2020,+255 322 303 9310,Not Active,171,171,171
172,Andie,Grzesiak,agrzesiak4r@xing.com,01/28/2022,+63 448 403 3018,Not Active,172,172,172
173,Eolanda,Crockett,ecrockett4s@lulu.com,03/02/2021,+355 457 428 1217,Not Active,173,173,173
174,Heriberto,Schwartz,hschwartz4t@home.pl,11/26/2020,+55 868 472 3852,Not Active,174,174,174
175,Raoul,Skillern,rskillern4u@twitter.com,12/29/2021,+81 207 612 4263,Not Active,175,175,175
176,Bryant,Binford,bbinford4v@addtoany.com,02/24/2020,+33 854 995 0882,Not Active,176,176,176
177,Joshia,Botton,jbotton4w@barnesandnoble.com,02/25/2020,+596 978 405 2507,Not Active,177,177,177
178,Clywd,Rosone,crosone4x@cnet.com,08/27/2022,+98 513 360 5639,Not Active,178,178,178
179,Scott,Noli,snoli4y@constantcontact.com,12/22/2022,+86 184 488 2513,Not Active,179,179,179
180,Myra,McOwen,mmcowen4z@cpanel.net,02/19/2021,+30 742 118 7088,Not Active,180,180,180
181,Hadria,MacGown,hmacgown50@tiny.cc,09/21/2020,+7 839 548 9159,Not Active,181,181,181
182,Lorrin,Haggath,lhaggath51@delicious.com,11/15/2022,+86 118 166 5416,Not Active,182,182,182
183,Belvia,Latore,blatore52@cnet.com,02/02/2020,+86 793 463 3555,Not Active,183,183,183
184,Simon,Holdworth,sholdworth53@soundcloud.com,08/18/2021,+62 923 892 4428,Not Active,184,184,184
185,Lowe,Arpe,larpe54@unicef.org,08/01/2022,+62 717 826 9644,Not Active,185,185,185
186,Jennica,Ledster,jledster55@accuweather.com,04/29/2020,+386 344 998 6291,Not Active,186,186,186
187,Inesita,Clohissy,iclohissy56@yale.edu,11/16/2021,+86 278 577 6042,Not Active,187,187,187
188,Jennie,Endacott,jendacott57@sphinn.com,11/25/2022,+47 379 197 1792,Not Active,188,188,188
189,Ebony,MacNamee,emacnamee58@ifeng.com,02/19/2022,+371 258 416 6883,Not Active,189,189,189
190,Olva,Pymm,opymm59@ocn.ne.jp,01/14/2020,+7 910 473 5283,Not Active,190,190,190
191,Shalna,Chessman,schessman5a@blinklist.com,01/07/2020,+234 100 971 2214,Not Active,191,191,191
192,Leland,Dimmne,ldimmne5b@rakuten.co.jp,05/15/2020,+86 926 982 7505,Not Active,192,192,192
193,Enrica,Guiducci,eguiducci5c@live.com,01/31/2020,+249 245 793 8488,Not Active,193,193,193
194,Corby,Draxford,cdraxford5d@amazon.com,10/24/2022,+84 930 410 0110,Not Active,194,194,194
195,Godwin,Piddington,gpiddington5e@wikimedia.org,06/06/2020,+86 932 957 4565,Not Active,195,195,195
196,Annalise,Johannes,ajohannes5f@bizjournals.com,09/26/2021,+86 111 477 9781,Not Active,196,196,196
197,Loria,Ashborne,lashborne5g@furl.net,09/07/2021,+66 199 827 3150,Not Active,197,197,197
198,Klement,Tilliards,ktilliards5h@dmoz.org,04/20/2021,+62 530 613 5511,Not Active,198,198,198
199,Euphemia,Spurdon,espurdon5i@google.com.hk,02/25/2021,+63 672 781 0547,Not Active,199,199,199
200,Siegfried,Benedicto,sbenedicto5j@ovh.net,12/19/2022,+48 522 731 8257,Not Active,200,200,200
201,Oliviero,Becarra,obecarra5k@reuters.com,01/21/2021,+63 223 787 3481,Not Active,201,201,201
202,Lazar,Pawlaczyk,lpawlaczyk5l@liveinternet.ru,10/04/2020,+86 565 409 7474,Not Active,202,202,202
203,Shana,Settle,ssettle5m@moonfruit.com,12/15/2021,+62 230 202 3483,Not Active,203,203,203
204,Patrice,Monget,pmonget5n@about.me,01/24/2020,+62 631 896 3020,Not Active,204,204,204
205,Dara,Bernardos,dbernardos5o@bandcamp.com,08/30/2020,+46 163 586 0994,Not Active,205,205,205
206,Salli,Mungin,smungin5p@phoca.cz,12/26/2021,+84 833 389 4400,Not Active,206,206,206
207,Cissy,Carnalan,ccarnalan5q@topsy.com,01/21/2021,+86 382 730 7998,Not Active,207,207,207
208,Didi,Ivanitsa,divanitsa5r@loc.gov,02/15/2022,+46 640 364 2661,Not Active,208,208,208
209,Loydie,Gheorghe,lgheorghe5s@mit.edu,04/19/2021,+880 196 813 2641,Not Active,209,209,209
210,Timi,Synan,tsynan5t@narod.ru,10/19/2022,+355 333 932 7560,Not Active,210,210,210
211,Abe,McArley,amcarley5u@jalbum.net,05/01/2020,+962 490 913 9631,Not Active,211,211,211
212,Patton,Barrabeale,pbarrabeale5v@yahoo.com,03/04/2022,+86 940 164 9375,Not Active,212,212,212
213,Butch,Minnette,bminnette5w@columbia.edu,12/31/2020,+55 694 509 1964,Not Active,213,213,213
214,Yulma,Jorio,yjorio5x@360.cn,09/18/2020,+30 459 524 4635,Not Active,214,214,214
215,Maire,Friary,mfriary5y@techcrunch.com,08/16/2021,+86 173 282 8648,Not Active,215,215,215
216,Raine,Von Salzberg,rvonsalzberg5z@hc360.com,03/04/2022,+92 334 741 7132,Not Active,216,216,216
217,Diandra,Romao,dromao60@nifty.com,09/16/2020,+7 907 604 2670,Not Active,217,217,217
218,Quinn,MacDougall,qmacdougall61@china.com.cn,01/09/2021,+49 906 911 8421,Not Active,218,218,218
219,Hana,Mithon,hmithon62@ifeng.com,11/08/2021,+7 939 374 7794,Not Active,219,219,219
220,Pierette,Masters,pmasters63@amazon.co.uk,05/09/2022,+48 595 230 2040,Not Active,220,220,220
221,Horton,Maylor,hmaylor64@nifty.com,04/26/2020,+81 406 463 6514,Not Active,221,221,221
222,Ruth,Barenskie,rbarenskie65@hostgator.com,08/06/2021,+86 537 821 4109,Not Active,222,222,222
223,Niels,Hoyles,nhoyles66@vk.com,02/29/2020,+62 462 808 6439,Not Active,223,223,223
224,Eloise,Clitherow,eclitherow67@house.gov,05/13/2021,+51 780 554 6056,Not Active,224,224,224
225,Nerta,Cloutt,ncloutt68@zimbio.com,12/29/2020,+212 557 256 6684,Not Active,225,225,225
226,Darrel,Hillborne,dhillborne69@printfriendly.com,05/09/2021,+57 932 951 7060,Not Active,226,226,226
227,Francene,Trayford,ftrayford6a@timesonline.co.uk,05/10/2022,+66 984 476 0798,Not Active,227,227,227
228,Pamelina,McCaughan,pmccaughan6b@microsoft.com,04/08/2021,+86 270 716 1353,Not Active,228,228,228
229,Karylin,Helgass,khelgass6c@indiegogo.com,02/27/2020,+86 478 620 7810,Not Active,229,229,229
230,Annetta,Kunrad,akunrad6d@sakura.ne.jp,07/11/2022,+7 391 221 5305,Not Active,230,230,230
231,Fiann,Gaskin,fgaskin6e@jiathis.com,02/14/2020,+351 217 579 6941,Not Active,231,231,231
232,Martguerita,Tregidgo,mtregidgo6f@seesaa.net,08/25/2021,+420 944 797 5809,Not Active,232,232,232
233,Andria,Carbry,acarbry6g@tiny.cc,10/12/2022,+33 233 630 0060,Not Active,233,233,233
234,Laverna,Hanscomb,lhanscomb6h@cisco.com,07/15/2021,+58 253 499 9895,Not Active,234,234,234
235,Elie,Loveredge,eloveredge6i@blogspot.com,02/04/2022,+55 805 347 3674,Not Active,235,235,235
236,Timothea,Woodson,twoodson6j@ifeng.com,12/15/2020,+84 418 208 7322,Not Active,236,236,236
237,Zane,Bernardelli,zbernardelli6k@mashable.com,08/13/2022,+7 373 465 3232,Not Active,237,237,237
238,Gardy,Hayle,ghayle6l@example.com,11/14/2021,+55 628 544 9515,Not Active,238,238,238
239,Trumaine,Rashleigh,trashleigh6m@dedecms.com,10/28/2021,+48 773 928 5966,Not Active,239,239,239
240,Riannon,Toretta,rtoretta6n@domainmarket.com,12/07/2020,+7 545 102 1703,Not Active,240,240,240
241,Regen,Yong,ryong6o@ucoz.com,11/19/2020,+63 507 281 6841,Not Active,241,241,241
242,Jaye,Carluccio,jcarluccio6p@163.com,07/31/2022,+86 149 857 2597,Not Active,242,242,242
243,Brana,Winpenny,bwinpenny6q@unc.edu,09/19/2020,+63 672 356 2510,Not Active,243,243,243
244,Philomena,Grzeszczyk,pgrzeszczyk6r@zimbio.com,03/25/2021,+86 726 112 2737,Not Active,244,244,244
245,Lonna,Goose,lgoose6s@globo.com,06/05/2020,+504 253 168 4708,Not Active,245,245,245
246,Ellary,Upsale,eupsale6t@ifeng.com,12/17/2021,+504 478 650 9421,Not Active,246,246,246
247,Allie,Knights,aknights6u@yahoo.com,01/01/2020,+54 831 682 1562,Not Active,247,247,247
248,Garner,Illingworth,gillingworth6v@goodreads.com,10/21/2020,+63 477 636 9376,Not Active,248,248,248
249,Riordan,Lambertz,rlambertz6w@shutterfly.com,02/11/2021,+502 913 146 1389,Not Active,249,249,249
250,Car,Whichelow,cwhichelow6x@plala.or.jp,09/29/2022,+86 122 550 2315,Not Active,250,250,250
251,Sephira,Lyness,slyness6y@webmd.com,06/30/2020,+62 321 896 6438,Not Active,251,251,251
252,Rasla,Balmer,rbalmer6z@state.tx.us,03/03/2022,+7 700 403 3527,Not Active,252,252,252
253,Kirsteni,Smurfitt,ksmurfitt70@vkontakte.ru,09/27/2020,+62 102 869 3720,Not Active,253,253,253
254,Yetty,Deelay,ydeelay71@ucla.edu,09/08/2022,+51 305 391 0590,Not Active,254,254,254
255,Lexie,Fallen,lfallen72@vk.com,07/21/2022,+48 520 599 2396,Not Active,255,255,255
256,Benedetto,Snoxill,bsnoxill73@purevolume.com,11/19/2022,+86 493 404 9772,Not Active,256,256,256
257,Jackson,Remer,jremer74@ifeng.com,12/09/2021,+56 779 584 1609,Not Active,257,257,257
258,Danya,Dudenie,ddudenie75@about.me,08/12/2022,+62 894 434 8895,Not Active,258,258,258
259,Elga,Speares,espeares76@gizmodo.com,03/29/2020,+33 268 330 4290,Not Active,259,259,259
260,Maureen,Goligher,mgoligher77@cisco.com,08/08/2022,+86 437 269 8704,Not Active,260,260,260
261,Nikolai,Cardenas,ncardenas78@friendfeed.com,09/18/2022,+231 537 925 4274,Not Active,261,261,261
262,Carlin,Haygreen,chaygreen79@eepurl.com,10/15/2021,+31 366 367 0329,Not Active,262,262,262
263,Adey,Axtens,aaxtens7a@reddit.com,08/11/2020,+31 457 889 0271,Not Active,263,263,263
264,Xena,Cossell,xcossell7b@blogtalkradio.com,04/19/2020,+86 328 745 0852,Not Active,264,264,264
265,Micheal,Schultheiss,mschultheiss7c@icio.us,01/29/2021,+86 693 197 1408,Not Active,265,265,265
266,Geoff,Gammidge,ggammidge7d@tamu.edu,08/26/2021,+57 961 894 2011,Not Active,266,266,266
267,Tamma,Nicholson,tnicholson7e@networkadvertising.org,08/06/2022,+381 466 740 9665,Not Active,267,267,267
268,Olympe,Mayoh,omayoh7f@mediafire.com,04/08/2022,+86 954 410 1917,Not Active,268,268,268
269,Toddie,Tregien,ttregien7g@t-online.de,09/06/2022,+7 531 375 9154,Not Active,269,269,269
270,Flossy,Sollas,fsollas7h@state.gov,03/29/2022,+94 386 384 3908,Not Active,270,270,270
271,Maryellen,Nulty,mnulty7i@i2i.jp,06/21/2020,+55 625 971 8424,Not Active,271,271,271
272,Benito,Gealy,bgealy7j@delicious.com,05/07/2021,+86 603 297 1977,Not Active,272,272,272
273,Nehemiah,Mitford,nmitford7k@go.com,03/31/2021,+380 205 834 1884,Not Active,273,273,273
274,Townie,Haysar,thaysar7l@dedecms.com,03/10/2021,+351 427 443 4874,Not Active,274,274,274
275,Geoffry,Zarfati,gzarfati7m@sitemeter.com,09/19/2021,+62 801 171 8424,Not Active,275,275,275
276,Yevette,Guitonneau,yguitonneau7n@goo.gl,03/27/2020,+46 952 623 0690,Not Active,276,276,276
277,Remington,Ludgate,rludgate7o@irs.gov,05/12/2021,+55 258 853 4579,Not Active,277,277,277
278,Carney,Asel,casel7p@ucoz.com,03/08/2020,+86 244 717 9081,Not Active,278,278,278
279,Waverly,Reditt,wreditt7q@skyrock.com,07/30/2022,+57 334 426 9116,Not Active,279,279,279
280,Marcus,Danilishin,mdanilishin7r@merriam-webster.com,09/25/2020,+256 845 290 7410,Not Active,280,280,280
281,Carlyle,Whillock,cwhillock7s@google.com.hk,09/03/2022,+31 417 745 0509,Not Active,281,281,281
282,Annora,Bernardotti,abernardotti7t@ebay.com,12/24/2022,+54 224 165 2281,Not Active,282,282,282
283,Seamus,Londing,slonding7u@google.co.uk,05/12/2021,+86 291 201 9574,Not Active,283,283,283
284,Isidor,Harbage,iharbage7v@hud.gov,03/16/2021,+351 550 222 2893,Not Active,284,284,284
285,Annaliese,Leaves,aleaves7w@theglobeandmail.com,10/21/2021,+86 136 233 0706,Not Active,285,285,285
286,Crystie,McAteer,cmcateer7x@blogs.com,03/11/2020,+7 502 859 6973,Not Active,286,286,286
287,Starr,Sate,ssate7y@unblog.fr,10/14/2022,+1 531 196 0224,Not Active,287,287,287
288,Claudetta,Stocking,cstocking7z@seesaa.net,01/06/2020,+382 881 830 5355,Not Active,288,288,288
289,Harli,Smeal,hsmeal80@google.cn,10/03/2022,+63 197 104 2286,Not Active,289,289,289
290,Grata,Littlechild,glittlechild81@apple.com,10/03/2022,+51 694 714 6992,Not Active,290,290,290
291,Mary,Collyer,mcollyer82@walmart.com,12/21/2021,+86 527 371 3637,Not Active,291,291,291
292,Loise,Gambles,lgambles83@is.gd,04/16/2022,+86 769 500 7155,Not Active,292,292,292
293,Dorella,Lillistone,dlillistone84@usgs.gov,02/05/2022,+81 471 610 2519,Not Active,293,293,293
294,Chico,Lawey,clawey85@so-net.ne.jp,07/14/2022,+27 452 903 2724,Not Active,294,294,294
295,Mag,Dudmarsh,mdudmarsh86@lycos.com,10/11/2022,+7 661 125 1993,Not Active,295,295,295
296,Sherman,Pennell,spennell87@hhs.gov,04/26/2020,+385 394 306 1244,Not Active,296,296,296
297,Ellwood,Oldknowe,eoldknowe88@com.com,06/25/2021,+86 600 759 8771,Not Active,297,297,297
298,Elwood,Brent,ebrent89@cisco.com,07/24/2022,+48 920 845 5439,Not Active,298,298,298
299,Ennis,Ownsworth,eownsworth8a@mozilla.org,04/03/2021,+1 347 118 3875,Not Active,299,299,299
300,Susanetta,Brockington,sbrockington8b@marketwatch.com,05/26/2022,+972 754 703 0654,Not Active,300,300,300
301,Roberta,Ellaway,rellaway8c@nbcnews.com,03/22/2021,+86 160 649 8239,Not Active,301,301,301
302,Doy,Mateo,dmateo8d@constantcontact.com,09/25/2020,+48 792 165 1239,Not Active,302,302,302
303,Gladi,Bleacher,gbleacher8e@slate.com,11/01/2022,+27 290 341 9931,Not Active,303,303,303
304,Livvie,Woodhall,lwoodhall8f@howstuffworks.com,05/01/2020,+7 301 314 3579,Not Active,304,304,304
305,Massimo,Schimoni,mschimoni8g@walmart.com,07/19/2022,+63 361 163 7242,Not Active,305,305,305
306,Hansiain,Hamber,hhamber8h@naver.com,03/28/2021,+86 123 722 5760,Not Active,306,306,306
307,Ralf,Cumo,rcumo8i@sina.com.cn,09/28/2022,+81 144 993 5696,Not Active,307,307,307
308,Lucretia,Molan,lmolan8j@goo.ne.jp,04/21/2021,+51 578 104 6945,Not Active,308,308,308
309,Gene,Danielou,gdanielou8k@tuttocitta.it,06/10/2020,+60 283 795 5285,Not Active,309,309,309
310,Nevin,Bracher,nbracher8l@kickstarter.com,09/28/2020,+48 144 608 6037,Not Active,310,310,310
311,Reinald,Raulston,rraulston8m@answers.com,12/17/2021,+1 561 111 9809,Not Active,311,311,311
312,Pieter,Shorland,pshorland8n@aol.com,07/29/2021,+358 378 794 3896,Not Active,312,312,312
313,Morton,Jimpson,mjimpson8o@4shared.com,01/01/2021,+33 441 596 4036,Not Active,313,313,313
314,Laureen,Witherop,lwitherop8p@domainmarket.com,11/06/2022,+95 937 178 3316,Not Active,314,314,314
315,Daron,Guarnier,dguarnier8q@gmpg.org,02/08/2020,+62 210 245 6444,Not Active,315,315,315
316,Colver,Dymocke,cdymocke8r@nba.com,08/22/2020,+976 240 832 9832,Not Active,316,316,316
317,Royall,Dalton,rdalton8s@aol.com,02/04/2022,+86 882 168 8018,Not Active,317,317,317
318,Stavros,Vasilevich,svasilevich8t@cbslocal.com,06/11/2021,+63 539 989 6447,Not Active,318,318,318
319,Othelia,Woolf,owoolf8u@cornell.edu,07/06/2020,+86 801 776 9020,Not Active,319,319,319
320,Averil,Humphris,ahumphris8v@google.com.hk,06/10/2020,+62 925 725 0422,Not Active,320,320,320
321,Lauralee,Pendlebury,lpendlebury8w@amazonaws.com,03/22/2022,+62 196 809 6645,Not Active,321,321,321
322,Lenette,Espinay,lespinay8x@squidoo.com,05/22/2021,+66 505 733 1512,Not Active,322,322,322
323,Christal,Vermer,cvermer8y@drupal.org,09/06/2021,+62 732 499 4279,Not Active,323,323,323
324,Yuma,Hallwood,yhallwood8z@google.com.hk,03/23/2021,+46 240 701 5888,Not Active,324,324,324
325,Selena,Pennings,spennings90@parallels.com,11/21/2021,+380 965 327 5987,Not Active,325,325,325
326,Nerta,Chaudhry,nchaudhry91@samsung.com,09/09/2020,+86 664 658 0080,Not Active,326,326,326
327,Arnuad,Blaver,ablaver92@ocn.ne.jp,12/03/2022,+48 520 174 8057,Not Active,327,327,327
328,Vilhelmina,Malbon,vmalbon93@taobao.com,11/07/2022,+504 172 703 5766,Not Active,328,328,328
329,Donalt,Streight,dstreight94@timesonline.co.uk,10/22/2022,+48 352 534 3670,Not Active,329,329,329
330,Nickey,Bulley,nbulley95@storify.com,07/17/2020,+86 523 168 5826,Not Active,330,330,330
331,Gilligan,D'Adamo,gdadamo96@microsoft.com,03/17/2020,+46 855 152 2706,Not Active,331,331,331
332,Germaine,Kelwick,gkelwick97@macromedia.com,03/29/2022,+55 816 250 4606,Not Active,332,332,332
333,Jolie,Peche,jpeche98@symantec.com,05/23/2022,+54 624 823 5229,Not Active,333,333,333
334,Ernst,Littleover,elittleover99@washington.edu,04/16/2022,+48 295 229 0229,Not Active,334,334,334
335,Didi,Wennington,dwennington9a@usatoday.com,02/20/2020,+385 486 981 4043,Not Active,335,335,335
336,Shirlee,Brantzen,sbrantzen9b@addtoany.com,05/26/2020,+55 270 119 0583,Not Active,336,336,336
337,Blisse,Dearman,bdearman9c@google.es,12/24/2021,+420 533 495 9558,Not Active,337,337,337
338,Gianna,Leyban,gleyban9d@state.tx.us,04/29/2021,+86 243 775 4053,Not Active,338,338,338
339,Cassondra,d'Escoffier,cdescoffier9e@nytimes.com,11/22/2022,+7 742 209 0254,Not Active,339,339,339
340,Carolynn,Carlesi,ccarlesi9f@lycos.com,05/01/2022,+86 320 398 2012,Not Active,340,340,340
341,Tansy,Labell,tlabell9g@sfgate.com,09/08/2020,+55 911 415 5822,Not Active,341,341,341
342,Edwin,Losemann,elosemann9h@businessinsider.com,02/09/2021,+86 935 387 5555,Not Active,342,342,342
343,Collette,Carrack,ccarrack9i@dedecms.com,10/16/2021,+232 827 712 9848,Not Active,343,343,343
344,Massimo,Pritchett,mpritchett9j@blogspot.com,10/17/2022,+55 278 321 1519,Not Active,344,344,344
345,Emmalee,Riba,eriba9k@ucsd.edu,01/01/2021,+248 394 200 1553,Not Active,345,345,345
346,Brynna,Rutherfoord,brutherfoord9l@tumblr.com,07/02/2020,+86 442 809 3726,Not Active,346,346,346
347,Edsel,De Gowe,edegowe9m@hatena.ne.jp,10/19/2021,+55 262 854 9844,Not Active,347,347,347
348,Christina,Innis,cinnis9n@engadget.com,10/25/2020,+251 741 847 4026,Not Active,348,348,348
349,Maribel,Dunston,mdunston9o@ebay.co.uk,01/07/2020,+45 743 767 1028,Not Active,349,349,349
350,Cristy,Copner,ccopner9p@jalbum.net,03/30/2020,+81 990 113 3541,Not Active,350,350,350
351,Engelbert,Squeers,esqueers9q@infoseek.co.jp,12/06/2022,+33 543 664 1966,Not Active,351,351,351
352,Deborah,Breston,dbreston9r@icq.com,07/14/2022,+260 156 475 5666,Not Active,352,352,352
353,Ginevra,Pechet,gpechet9s@bbc.co.uk,06/21/2021,+55 376 820 5175,Not Active,353,353,353
354,Steward,Emerine,semerine9t@mozilla.org,06/22/2022,+86 849 601 7173,Not Active,354,354,354
355,Jessa,Thom,jthom9u@yellowbook.com,01/06/2021,+62 774 180 9929,Not Active,355,355,355
356,Innis,Slany,islany9v@unblog.fr,08/03/2020,+86 445 647 2355,Not Active,356,356,356
357,Eli,Colquit,ecolquit9w@last.fm,04/07/2022,+55 189 343 2584,Not Active,357,357,357
358,Nickolai,Yarmouth,nyarmouth9x@sourceforge.net,04/04/2022,+242 720 541 9786,Not Active,358,358,358
359,Marline,Guilayn,mguilayn9y@networksolutions.com,11/22/2021,+31 527 780 1107,Not Active,359,359,359
360,Corry,Domelaw,cdomelaw9z@mashable.com,04/30/2022,+351 546 970 4206,Not Active,360,360,360
361,Ciel,Van der Veldt,cvanderveldta0@youtube.com,11/25/2021,+234 100 795 4081,Not Active,361,361,361
362,Merrick,Raeside,mraesidea1@engadget.com,08/27/2021,+64 605 583 8845,Not Active,362,362,362
363,Myrwyn,Brilon,mbrilona2@nasa.gov,03/23/2022,+974 971 784 7542,Not Active,363,363,363
364,Adrea,Normanvell,anormanvella3@scientificamerican.com,01/07/2021,+255 337 490 9846,Not Active,364,364,364
365,Hettie,Landman,hlandmana4@pagesperso-orange.fr,05/09/2020,+994 610 294 6093,Not Active,365,365,365
366,Bourke,Breedy,bbreedya5@icio.us,10/28/2021,+229 807 697 4353,Not Active,366,366,366
367,Reinald,Neely,rneelya6@discovery.com,07/12/2021,+351 462 866 6904,Not Active,367,367,367
368,Madlen,Ventam,mventama7@reverbnation.com,05/01/2022,+66 823 784 3084,Not Active,368,368,368
369,Tildi,Beardshall,tbeardshalla8@seesaa.net,09/23/2021,+63 512 748 3499,Not Active,369,369,369
370,Lebbie,Beadman,lbeadmana9@comcast.net,10/08/2022,+62 555 838 2764,Not Active,370,370,370
371,Miguel,Meikle,mmeikleaa@infoseek.co.jp,04/02/2020,+62 320 448 7895,Not Active,371,371,371
372,Inness,Croley,icroleyab@mozilla.org,12/23/2021,+46 794 959 8471,Not Active,372,372,372
373,Brandyn,Bickers,bbickersac@guardian.co.uk,08/31/2021,+970 502 697 1768,Not Active,373,373,373
374,Jannel,Chick,jchickad@vimeo.com,01/27/2021,+62 396 982 9043,Not Active,374,374,374
375,Rosella,Godbold,rgodboldae@acquirethisname.com,08/10/2021,+86 890 592 4753,Not Active,375,375,375
376,Lin,Insall,linsallaf@bloomberg.com,08/30/2022,+86 708 726 6109,Not Active,376,376,376
377,Forbes,Khomich,fkhomichag@seesaa.net,04/03/2020,+502 194 535 6020,Not Active,377,377,377
378,Jock,Pennicard,jpennicardah@tumblr.com,11/30/2020,+86 644 185 7077,Not Active,378,378,378
379,Donetta,Batterbee,dbatterbeeai@csmonitor.com,10/01/2020,+359 627 905 8962,Not Active,379,379,379
380,Barrie,Le Fleming,bleflemingaj@hhs.gov,11/03/2022,+86 891 790 5667,Not Active,380,380,380
381,Ferne,Vernham,fvernhamak@bing.com,11/27/2020,+47 889 993 5909,Not Active,381,381,381
382,Maxi,Roff,mroffal@about.com,02/01/2021,+372 335 511 0099,Not Active,382,382,382
383,Tracie,Huitt,thuittam@stumbleupon.com,05/17/2022,+229 737 539 6460,Not Active,383,383,383
384,Dolorita,Daoust,ddaoustan@ft.com,03/05/2022,+358 400 884 2487,Not Active,384,384,384
385,Averil,Yardy,ayardyao@oracle.com,11/25/2021,+62 114 128 6444,Not Active,385,385,385
386,Jacklyn,Greetland,jgreetlandap@desdev.cn,12/23/2021,+86 959 951 4547,Not Active,386,386,386
387,Nick,Eles,nelesaq@umich.edu,02/25/2022,+357 333 201 3423,Not Active,387,387,387
388,Bryant,Jennison,bjennisonar@apache.org,08/11/2021,+52 309 408 5617,Not Active,388,388,388
389,Andriana,Rubica,arubicaas@quantcast.com,06/18/2020,+7 690 684 8287,Not Active,389,389,389
390,Shandeigh,Risborough,srisboroughat@wunderground.com,03/24/2020,+850 495 378 0638,Not Active,390,390,390
391,Rozamond,Lindermann,rlindermannau@networksolutions.com,11/05/2020,+86 680 410 9011,Not Active,391,391,391
392,Howard,Kitchenman,hkitchenmanav@ebay.com,04/01/2021,+86 358 596 5105,Not Active,392,392,392
393,Audry,Hancke,ahanckeaw@mail.ru,04/18/2020,+7 711 927 3007,Not Active,393,393,393
394,Llewellyn,Landeaux,llandeauxax@nps.gov,03/29/2021,+86 757 802 2380,Not Active,394,394,394
395,Maurice,Cicchetto,mcicchettoay@omniture.com,04/06/2020,+62 391 101 9925,Not Active,395,395,395
396,Paloma,Pash,ppashaz@joomla.org,01/23/2022,+55 108 499 9296,Not Active,396,396,396
397,Reinold,Gallifont,rgallifontb0@redcross.org,07/20/2022,+355 413 791 1825,Not Active,397,397,397
398,Filberto,Mussettini,fmussettinib1@networkadvertising.org,09/01/2022,+86 805 402 7991,Not Active,398,398,398
399,Matilde,Dedenham,mdedenhamb2@europa.eu,01/21/2020,+66 582 568 4114,Not Active,399,399,399
400,Cynde,Yendall,cyendallb3@google.it,06/29/2022,+81 528 108 1117,Not Active,400,400,400
401,Starlin,Ryce,sryceb4@dot.gov,05/26/2022,+221 963 740 4269,Not Active,401,401,401
402,Stanford,Bradnick,sbradnickb5@usgs.gov,04/09/2021,+7 985 719 6721,Not Active,402,402,402
403,Bonita,Pilipyak,bpilipyakb6@istockphoto.com,05/17/2020,+55 347 468 0124,Not Active,403,403,403
404,Thomasine,Gaine of England,tgaineofenglandb7@slideshare.net,07/31/2021,+63 758 190 2719,Not Active,404,404,404
405,Porty,Benford,pbenfordb8@mediafire.com,03/25/2021,+386 895 289 8898,Not Active,405,405,405
406,Wylma,Medforth,wmedforthb9@ucoz.ru,07/25/2021,+86 114 500 7464,Not Active,406,406,406
407,Rafaela,Alder,ralderba@intel.com,11/23/2021,+62 963 113 6178,Not Active,407,407,407
408,Pierette,Sawforde,psawfordebb@tripadvisor.com,11/22/2022,+33 654 966 7343,Not Active,408,408,408
409,Kerianne,Local,klocalbc@craigslist.org,06/01/2022,+1 404 729 9423,Not Active,409,409,409
410,Ally,Spaunton,aspauntonbd@icio.us,11/24/2021,+86 351 336 7695,Not Active,410,410,410
411,Marcello,Plum,mplumbe@seattletimes.com,09/29/2021,+380 674 150 2064,Not Active,411,411,411
412,Red,Scholling,rschollingbf@pbs.org,10/23/2020,+33 311 371 3390,Not Active,412,412,412
413,Appolonia,Tripe,atripebg@telegraph.co.uk,02/01/2021,+86 671 750 5095,Not Active,413,413,413
414,Zahara,Kingsworth,zkingsworthbh@opensource.org,09/22/2021,+30 607 278 8245,Not Active,414,414,414
415,Taryn,Corrington,tcorringtonbi@vimeo.com,10/08/2020,+1 704 309 9407,Not Active,415,415,415
416,Dael,Greeve,dgreevebj@ask.com,12/04/2022,+1 517 232 9044,Not Active,416,416,416
417,Garek,Fayerbrother,gfayerbrotherbk@washingtonpost.com,11/23/2021,+86 737 572 4842,Not Active,417,417,417
418,Nickey,De Carlo,ndecarlobl@blogs.com,12/17/2020,+86 394 422 2147,Not Active,418,418,418
419,Buck,Macek,bmacekbm@ft.com,04/13/2020,+62 186 106 7366,Not Active,419,419,419
420,Marja,Laslett,mlaslettbn@utexas.edu,03/12/2022,+86 969 403 9931,Not Active,420,420,420
421,Vonni,Lacroutz,vlacroutzbo@nba.com,02/09/2021,+220 944 309 1652,Not Active,421,421,421
422,Thatcher,Jefferys,tjefferysbp@bandcamp.com,09/20/2021,+30 999 441 0597,Not Active,422,422,422
423,Juliette,Kitchenham,jkitchenhambq@cnn.com,08/17/2020,+86 554 677 3614,Not Active,423,423,423
424,Lauren,Sink,lsinkbr@geocities.com,09/17/2022,+62 331 979 7642,Not Active,424,424,424
425,Tobiah,Giovannetti,tgiovannettibs@latimes.com,04/26/2021,+86 980 470 6690,Not Active,425,425,425
426,Clementia,Lambourne,clambournebt@stumbleupon.com,08/04/2020,+591 294 637 5400,Not Active,426,426,426
427,Humfrey,Levensky,hlevenskybu@mac.com,10/23/2021,+230 871 682 0818,Not Active,427,427,427
428,Berton,Patrone,bpatronebv@about.com,11/27/2020,+382 717 934 1578,Not Active,428,428,428
429,Krisha,Joll,kjollbw@xrea.com,07/18/2022,+86 545 400 4811,Not Active,429,429,429
430,Corey,Van den Velden,cvandenveldenbx@umich.edu,09/05/2020,+7 659 905 3316,Not Active,430,430,430
431,Johan,Hartopp,jhartoppby@tumblr.com,04/22/2022,+86 388 841 6355,Not Active,431,431,431
432,Winnifred,Dooher,wdooherbz@amazon.co.jp,09/13/2020,+63 193 631 5247,Not Active,432,432,432
433,Alyosha,Buttel,abuttelc0@oakley.com,05/06/2022,+86 809 555 6186,Not Active,433,433,433
434,Rudiger,Toderi,rtoderic1@bigcartel.com,05/02/2022,+86 447 971 5692,Not Active,434,434,434
435,Morris,MacAscaidh,mmacascaidhc2@census.gov,04/24/2020,+961 544 265 0530,Not Active,435,435,435
436,Artair,Pruce,aprucec3@cisco.com,10/10/2020,+48 315 649 8086,Not Active,436,436,436
437,Gennie,Lewin,glewinc4@list-manage.com,12/08/2021,+1 549 453 1230,Not Active,437,437,437
438,Rubie,Pledge,rpledgec5@sina.com.cn,12/26/2020,+46 211 121 7607,Not Active,438,438,438
439,Wilhelmine,Durrand,wdurrandc6@ed.gov,08/09/2022,+358 831 335 2158,Not Active,439,439,439
440,Alanna,Matz,amatzc7@miibeian.gov.cn,06/25/2020,+375 150 309 0876,Not Active,440,440,440
441,Shayna,Wilse,swilsec8@delicious.com,11/05/2020,+7 542 996 5818,Not Active,441,441,441
442,Charmion,Blacktin,cblacktinc9@dion.ne.jp,05/20/2022,+1 895 682 7370,Not Active,442,442,442
443,Emmery,Tidy,etidyca@howstuffworks.com,04/23/2022,+598 569 446 3565,Not Active,443,443,443
444,Venita,Desforges,vdesforgescb@netvibes.com,09/20/2020,+62 360 965 8945,Not Active,444,444,444
445,Yul,Selwyne,yselwynecc@house.gov,03/06/2020,+257 819 714 2912,Not Active,445,445,445
446,Neal,Merriott,nmerriottcd@amazon.de,05/29/2022,+93 559 980 9144,Not Active,446,446,446
447,Corilla,Kewish,ckewishce@arizona.edu,09/01/2021,+48 156 317 8411,Not Active,447,447,447
448,Atalanta,Aslen,aaslencf@google.co.uk,08/24/2021,+33 341 957 4939,Not Active,448,448,448
449,Sofie,Slucock,sslucockcg@technorati.com,03/29/2022,+95 128 399 9124,Not Active,449,449,449
450,Mikel,Sugge,msuggech@skyrock.com,07/12/2022,+62 162 715 8629,Not Active,450,450,450
451,Katrine,Hillburn,khillburnci@ezinearticles.com,03/31/2020,+46 479 928 1667,Not Active,451,451,451
452,Innis,Horlick,ihorlickcj@mtv.com,02/10/2022,+86 730 792 1148,Not Active,452,452,452
453,Donnie,Colquyte,dcolquyteck@ifeng.com,03/06/2021,+62 730 210 7359,Not Active,453,453,453
454,Tam,Milella,tmilellacl@instagram.com,04/27/2021,+420 765 445 4067,Not Active,454,454,454
455,Viv,Stannislawski,vstannislawskicm@github.com,03/05/2022,+237 585 276 8550,Not Active,455,455,455
456,Antonie,Truse,atrusecn@delicious.com,09/10/2020,+20 350 393 7953,Not Active,456,456,456
457,Natka,Geekin,ngeekinco@noaa.gov,08/01/2020,+1 553 194 8763,Not Active,457,457,457
458,Alena,Dryburgh,adryburghcp@comsenz.com,12/13/2020,+63 882 126 0067,Not Active,458,458,458
459,Ennis,Kneeshaw,ekneeshawcq@blogger.com,04/27/2020,+86 560 468 6132,Not Active,459,459,459
460,Ardine,Khidr,akhidrcr@tinyurl.com,04/24/2021,+86 936 177 5286,Not Active,460,460,460
461,Anthiathia,Byk,abykcs@homestead.com,06/07/2020,+82 684 674 4772,Not Active,461,461,461
462,Zonda,Seaton,zseatonct@blogger.com,12/15/2021,+996 100 968 3894,Not Active,462,462,462
463,Giusto,Beckhurst,gbeckhurstcu@squidoo.com,10/19/2021,+351 150 881 5897,Not Active,463,463,463
464,Annalise,Howchin,ahowchincv@cdc.gov,01/12/2022,+62 710 638 6875,Not Active,464,464,464
465,Brendin,Sherrell,bsherrellcw@squidoo.com,09/16/2020,+63 592 939 6795,Not Active,465,465,465
466,Illa,Plain,iplaincx@meetup.com,04/16/2020,+81 799 238 7571,Not Active,466,466,466
467,Nels,Knapp,nknappcy@ucoz.com,12/22/2020,+972 132 208 0394,Not Active,467,467,467
468,Ange,Olivera,aoliveracz@phpbb.com,03/07/2022,+62 973 921 8672,Not Active,468,468,468
469,Teodoro,Jereatt,tjereattd0@chicagotribune.com,11/11/2021,+597 196 573 7943,Not Active,469,469,469
470,Tiebold,Tuckwell,ttuckwelld1@cnet.com,04/10/2020,+234 548 292 9059,Not Active,470,470,470
471,Emyle,Philimore,ephilimored2@gizmodo.com,04/17/2020,+66 212 677 8509,Not Active,471,471,471
472,Jaime,Basile,jbasiled3@ibm.com,09/09/2021,+98 278 552 2506,Not Active,472,472,472
473,Lilith,Whittock,lwhittockd4@sitemeter.com,06/30/2021,+48 695 515 1916,Not Active,473,473,473
474,Halimeda,Rustedge,hrustedged5@illinois.edu,07/05/2022,+62 898 563 0538,Not Active,474,474,474
475,Moreen,Hanny,mhannyd6@oaic.gov.au,06/14/2021,+48 448 815 4053,Not Active,475,475,475
476,Sabine,Durnill,sdurnilld7@wisc.edu,03/02/2022,+7 864 721 3950,Not Active,476,476,476
477,Langston,Stanbridge,lstanbridged8@w3.org,06/28/2020,+504 235 698 1320,Not Active,477,477,477
478,Dorie,Python,dpythond9@taobao.com,09/23/2021,+254 126 738 1208,Not Active,478,478,478
479,Lainey,Bachura,lbachurada@reuters.com,03/25/2020,+66 344 213 0071,Not Active,479,479,479
480,Filippa,Panter,fpanterdb@soup.io,04/14/2021,+55 575 719 9889,Not Active,480,480,480
481,Marlon,Mabb,mmabbdc@deviantart.com,09/28/2022,+1 763 804 7170,Not Active,481,481,481
482,Fleurette,Costellow,fcostellowdd@usatoday.com,11/08/2020,+48 411 162 9411,Not Active,482,482,482
483,Catharine,Mildmott,cmildmottde@flavors.me,11/18/2020,+62 515 808 0721,Not Active,483,483,483
484,Anallese,Allaker,aallakerdf@irs.gov,08/20/2022,+420 517 895 2027,Not Active,484,484,484
485,Emlyn,Renols,erenolsdg@usgs.gov,01/03/2021,+55 848 755 3121,Not Active,485,485,485
486,Gui,Massen,gmassendh@github.com,06/05/2022,+62 924 706 5334,Not Active,486,486,486
487,Tedd,Levey,tleveydi@ihg.com,02/07/2020,+62 879 795 0711,Not Active,487,487,487
488,Frederich,Chaunce,fchauncedj@house.gov,12/20/2020,+33 706 213 1302,Not Active,488,488,488
489,Adler,Colborn,acolborndk@photobucket.com,12/14/2020,+33 916 473 0114,Not Active,489,489,489
490,Dominique,Goves,dgovesdl@ovh.net,05/12/2020,+242 529 188 0023,Not Active,490,490,490
491,Tamma,Davis,tdavisdm@europa.eu,11/11/2022,+254 116 137 8557,Not Active,491,491,491
492,Tandie,Cardall,tcardalldn@netlog.com,08/14/2022,+46 140 415 9229,Not Active,492,492,492
493,Karola,Cheley,kcheleydo@squarespace.com,06/24/2022,+86 319 584 8560,Not Active,493,493,493
494,Trenna,Frohock,tfrohockdp@epa.gov,07/26/2020,+34 960 631 3502,Not Active,494,494,494
495,Felipe,Mawhinney,fmawhinneydq@globo.com,07/02/2022,+86 672 468 0284,Not Active,495,495,495
496,Myrle,Barrack,mbarrackdr@biblegateway.com,06/16/2022,+93 612 193 8933,Not Active,496,496,496
497,Cris,D'Cruze,cdcruzeds@ox.ac.uk,10/03/2020,+420 127 144 8806,Not Active,497,497,497
498,Claire,Pinwill,cpinwilldt@nsw.gov.au,03/07/2021,+52 172 339 0358,Not Active,498,498,498
499,Ruben,Raye,rrayedu@reverbnation.com,01/31/2020,+1 966 567 8391,Not Active,499,499,499
500,Codie,Ivons,civonsdv@vkontakte.ru,01/07/2020,+55 137 488 1634,Not Active,500,500,500
501,Hewie,Render,hrenderdw@i2i.jp,09/13/2022,+7 803 993 0574,Not Active,501,501,501
502,Edwina,Berntsson,eberntssondx@mysql.com,11/04/2022,+48 175 186 4294,Not Active,502,502,502
503,Isidore,Perche,iperchedy@unblog.fr,06/15/2020,+86 240 504 1604,Not Active,503,503,503
504,Valma,Sankey,vsankeydz@economist.com,02/27/2020,+1 713 705 9120,Not Active,504,504,504
505,Maryjane,Ashleigh,mashleighe0@reddit.com,01/02/2020,+33 914 133 7528,Not Active,505,505,505
506,Leilah,Logsdale,llogsdalee1@rakuten.co.jp,03/07/2022,+86 427 853 1700,Not Active,506,506,506
507,Germayne,Lampaert,glampaerte2@auda.org.au,07/27/2021,+351 424 873 4335,Not Active,507,507,507
508,Sherry,Hawyes,shawyese3@yolasite.com,02/08/2021,+66 971 560 5739,Not Active,508,508,508
509,Malissia,Luckham,mluckhame4@cnn.com,12/16/2020,+48 796 511 9722,Not Active,509,509,509
510,Maribeth,Tyt,mtyte5@tinypic.com,06/28/2022,+591 494 699 3241,Not Active,510,510,510
511,Orville,Waterfield,owaterfielde6@quantcast.com,01/25/2022,+48 128 467 0768,Not Active,511,511,511
512,Edna,Curme,ecurmee7@columbia.edu,05/12/2020,+502 709 482 2446,Not Active,512,512,512
513,Ilse,Janczyk,ijanczyke8@prnewswire.com,01/11/2021,+48 611 629 1055,Not Active,513,513,513
514,Ennis,Lower,elowere9@sciencedaily.com,11/22/2020,+48 309 770 0913,Not Active,514,514,514
515,Karylin,Braiden,kbraidenea@adobe.com,07/29/2022,+33 414 798 5996,Not Active,515,515,515
516,Lindy,Avrahm,lavrahmeb@economist.com,02/10/2021,+86 190 196 0974,Not Active,516,516,516
517,Saunders,Sherrard,ssherrardec@google.pl,12/10/2022,+55 993 179 4742,Not Active,517,517,517
518,Tymothy,Screase,tscreaseed@stumbleupon.com,08/09/2022,+63 652 157 1352,Not Active,518,518,518
519,Hynda,Sneden,hsnedenee@abc.net.au,11/06/2021,+20 829 727 4135,Not Active,519,519,519
520,Aretha,Mogey,amogeyef@hhs.gov,02/10/2020,+7 498 582 2110,Not Active,520,520,520
521,Cayla,Grave,cgraveeg@behance.net,08/26/2021,+62 114 260 6518,Not Active,521,521,521
522,Quill,O'Halligan,qohalliganeh@icio.us,08/19/2021,+91 615 312 0947,Not Active,522,522,522
523,Duncan,McAuslene,dmcausleneei@shutterfly.com,10/30/2021,+225 579 720 3293,Not Active,523,523,523
524,Klemens,Anfossi,kanfossiej@ycombinator.com,11/16/2022,+86 799 886 9336,Not Active,524,524,524
525,Moise,Sugden,msugdenek@skype.com,03/02/2021,+46 341 623 2058,Not Active,525,525,525
526,Rosalind,MacAne,rmacaneel@craigslist.org,03/30/2022,+86 679 566 8591,Not Active,526,526,526
527,Creigh,Penrose,cpenroseem@sourceforge.net,12/20/2022,+62 911 644 0213,Not Active,527,527,527
528,Pippa,Darrow,pdarrowen@mashable.com,10/24/2022,+46 946 897 6800,Not Active,528,528,528
529,Janith,Burrells,jburrellseo@mayoclinic.com,08/04/2022,+86 958 713 5477,Not Active,529,529,529
530,Dawna,Powder,dpowderep@purevolume.com,12/17/2021,+52 372 931 4100,Not Active,530,530,530
531,Cosimo,Serjeantson,cserjeantsoneq@marketwatch.com,02/02/2022,+86 197 918 8715,Not Active,531,531,531
532,Liliane,Dahl,ldahler@so-net.ne.jp,10/12/2021,+48 577 899 1085,Not Active,532,532,532
533,Zebulon,Strotton,zstrottones@kickstarter.com,02/23/2021,+48 233 914 6901,Not Active,533,533,533
534,Michel,Drayn,mdraynet@qq.com,11/17/2022,+33 603 731 8733,Not Active,534,534,534
535,Julie,Barraclough,jbarraclougheu@europa.eu,06/12/2021,+52 255 765 9962,Not Active,535,535,535
536,Colet,Crippes,ccrippesev@multiply.com,04/14/2020,+46 208 614 9504,Not Active,536,536,536
537,Giorgio,Bedell,gbedellew@taobao.com,05/27/2021,+63 742 992 3712,Not Active,537,537,537
538,Robinson,Pinchin,rpinchinex@microsoft.com,04/12/2022,+234 580 592 7067,Not Active,538,538,538
539,Winona,Gunner,wgunnerey@dagondesign.com,04/05/2020,+46 566 889 5873,Not Active,539,539,539
540,Frances,Habgood,fhabgoodez@jigsy.com,01/16/2020,+420 868 505 8596,Not Active,540,540,540
541,York,Collelton,ycolleltonf0@flavors.me,05/03/2021,+231 240 637 8512,Not Active,541,541,541
542,Orsa,Godfree,ogodfreef1@plala.or.jp,03/12/2022,+62 241 916 9138,Not Active,542,542,542
543,Andie,Leguey,alegueyf2@wiley.com,12/18/2022,+380 335 679 1287,Not Active,543,543,543
544,Ellen,Creech,ecreechf3@hibu.com,07/30/2021,+62 913 274 0691,Not Active,544,544,544
545,Blair,Faber,bfaberf4@mac.com,05/20/2021,+1 666 455 4235,Not Active,545,545,545
546,Jackqueline,Jodkowski,jjodkowskif5@sourceforge.net,06/26/2021,+970 393 527 6637,Not Active,546,546,546
547,Lukas,Wisdish,lwisdishf6@apple.com,01/13/2021,+49 889 563 6226,Not Active,547,547,547
548,Innis,Aymer,iaymerf7@discuz.net,12/01/2022,+1 812 381 4217,Not Active,548,548,548
549,Haily,Letertre,hletertref8@simplemachines.org,03/25/2020,+234 780 483 1331,Not Active,549,549,549
550,Konstantin,Worts,kwortsf9@shop-pro.jp,05/13/2022,+63 991 441 5912,Not Active,550,550,550
551,Isabeau,Langmead,ilangmeadfa@xinhuanet.com,08/24/2022,+591 113 845 0069,Not Active,551,551,551
552,Blake,Geany,bgeanyfb@biglobe.ne.jp,01/29/2022,+48 705 223 1702,Not Active,552,552,552
553,Vincent,Putman,vputmanfc@photobucket.com,04/14/2020,+46 364 507 0320,Not Active,553,553,553
554,Marjorie,Haacker,mhaackerfd@va.gov,01/22/2021,+1 377 837 3550,Not Active,554,554,554
555,Colman,Silliman,csillimanfe@va.gov,07/04/2021,+355 193 798 7321,Not Active,555,555,555
556,Nanete,Satterthwaite,nsatterthwaiteff@baidu.com,12/21/2022,+264 228 626 4509,Not Active,556,556,556
557,Dreddy,Joriot,djoriotfg@wunderground.com,11/27/2020,+62 504 216 3707,Not Active,557,557,557
558,Wilek,Thirtle,wthirtlefh@marketwatch.com,02/16/2021,+33 513 938 5547,Not Active,558,558,558
559,Colby,Newcom,cnewcomfi@gnu.org,04/27/2020,+212 764 743 8341,Not Active,559,559,559
560,Tove,Girardin,tgirardinfj@hubpages.com,03/18/2021,+48 939 307 0869,Not Active,560,560,560
561,Traci,Powdrill,tpowdrillfk@1688.com,06/20/2020,+86 204 458 9723,Not Active,561,561,561
562,Jason,Handlin,jhandlinfl@altervista.org,10/10/2022,+62 165 121 5845,Not Active,562,562,562
563,Kristina,Burras,kburrasfm@patch.com,10/07/2021,+47 320 986 2325,Not Active,563,563,563
564,Tull,Petroulis,tpetroulisfn@mediafire.com,01/12/2022,+503 431 976 7852,Not Active,564,564,564
565,Beverlie,Seville,bsevillefo@mapy.cz,07/26/2021,+63 660 290 2345,Not Active,565,565,565
566,Eulalie,Vanyard,evanyardfp@mail.ru,06/25/2020,+351 790 641 4526,Not Active,566,566,566
567,Jody,Forde,jfordefq@cloudflare.com,01/27/2022,+972 871 312 2238,Not Active,567,567,567
568,Jarrad,Ready,jreadyfr@addtoany.com,11/12/2022,+86 610 540 9210,Not Active,568,568,568
569,Liza,Quinnelly,lquinnellyfs@clickbank.net,02/26/2021,+33 548 324 0972,Not Active,569,569,569
570,Valentijn,Pidgeon,vpidgeonft@umn.edu,01/13/2021,+86 729 392 8219,Not Active,570,570,570
571,Jenifer,Showl,jshowlfu@sfgate.com,01/12/2021,+55 838 227 5810,Not Active,571,571,571
572,Merrill,Yukhnini,myukhninifv@mit.edu,04/14/2021,+86 521 853 9657,Not Active,572,572,572
573,Letitia,Rowling,lrowlingfw@ted.com,07/22/2020,+86 803 900 0564,Not Active,573,573,573
574,Karalee,Rabjohns,krabjohnsfx@wiley.com,06/30/2021,+51 634 734 5100,Not Active,574,574,574
575,Staford,Stilwell,sstilwellfy@linkedin.com,11/25/2020,+55 938 279 7816,Not Active,575,575,575
576,Helene,Keynes,hkeynesfz@shinystat.com,01/29/2022,+685 286 699 6062,Not Active,576,576,576
577,Josy,Scandwright,jscandwrightg0@alibaba.com,08/18/2021,+420 437 672 5460,Not Active,577,577,577
578,Linc,Pinkerton,lpinkertong1@google.pl,05/26/2022,+81 378 326 0228,Not Active,578,578,578
579,Hoyt,Klulicek,hklulicekg2@ted.com,02/20/2020,+359 348 998 5379,Not Active,579,579,579
580,Wald,Dundin,wdunding3@home.pl,06/30/2021,+1 513 357 1036,Not Active,580,580,580
581,Sibilla,Pitney,spitneyg4@ustream.tv,09/03/2022,+30 696 155 6728,Not Active,581,581,581
582,Laina,Lorant,llorantg5@addthis.com,01/31/2022,+504 213 388 6384,Not Active,582,582,582
583,Decca,Higounet,dhigounetg6@uol.com.br,11/18/2020,+55 199 577 3942,Not Active,583,583,583
584,Elinor,Petera,epeterag7@barnesandnoble.com,04/16/2021,+375 117 727 3072,Not Active,584,584,584
585,Shina,Sidery,ssideryg8@deviantart.com,03/18/2021,+389 551 490 1148,Not Active,585,585,585
586,Hillyer,Moylane,hmoylaneg9@homestead.com,04/09/2020,+86 223 386 8533,Not Active,586,586,586
587,Lennie,Farbrace,lfarbracega@google.co.uk,01/24/2022,+57 979 128 2129,Not Active,587,587,587
588,Riccardo,Mallindine,rmallindinegb@about.me,10/14/2021,+48 147 532 6102,Not Active,588,588,588
589,Hugo,Sumbler,hsumblergc@va.gov,05/14/2022,+55 878 806 2330,Not Active,589,589,589
590,Royall,Bolstridge,rbolstridgegd@furl.net,01/26/2022,+62 659 848 1240,Not Active,590,590,590
591,Garner,Szymonowicz,gszymonowiczge@seesaa.net,08/27/2021,+33 955 391 0542,Not Active,591,591,591
592,Even,Drewes,edrewesgf@histats.com,10/24/2020,+420 824 276 2437,Not Active,592,592,592
593,Jesse,Humbell,jhumbellgg@liveinternet.ru,05/31/2022,+7 218 624 8750,Not Active,593,593,593
594,Erminia,Bemwell,ebemwellgh@joomla.org,01/27/2021,+94 956 394 2335,Not Active,594,594,594
595,Jessie,Kilduff,jkilduffgi@delicious.com,01/11/2022,+84 258 721 7616,Not Active,595,595,595
596,Tiphani,Prangley,tprangleygj@cnn.com,08/17/2022,+62 376 564 9530,Not Active,596,596,596
597,Hesther,Weich,hweichgk@slideshare.net,12/13/2021,+1 314 922 5445,Not Active,597,597,597
598,Nerta,Dana,ndanagl@com.com,09/02/2021,+7 338 142 1017,Not Active,598,598,598
599,Janka,Dobbs,jdobbsgm@wp.com,11/10/2022,+381 933 744 8122,Not Active,599,599,599
600,Cecil,Weiser,cweisergn@gravatar.com,11/22/2020,+92 449 379 4485,Not Active,600,600,600
601,Aura,Rival,arivalgo@ovh.net,06/22/2021,+86 507 161 4564,Not Active,601,601,601
602,Chrotoem,Holwell,cholwellgp@about.me,06/16/2022,+998 469 312 7027,Not Active,602,602,602
603,Hannah,Puller,hpullergq@yellowbook.com,01/16/2020,+351 292 558 4022,Not Active,603,603,603
604,Gardner,Whitcombe,gwhitcombegr@zdnet.com,06/04/2020,+62 548 785 1088,Not Active,604,604,604
605,Jeffy,Vedekhov,jvedekhovgs@scientificamerican.com,10/29/2021,+63 211 770 9319,Not Active,605,605,605
606,Mignonne,Filer,mfilergt@addthis.com,09/15/2021,+234 811 563 5472,Not Active,606,606,606
607,Kile,Simmon,ksimmongu@bbc.co.uk,03/24/2020,+1 927 802 8765,Not Active,607,607,607
608,Melinda,Searsby,msearsbygv@si.edu,08/10/2021,+86 822 949 9025,Not Active,608,608,608
609,Hillery,Weall,hweallgw@blogs.com,01/03/2020,+86 971 367 0803,Not Active,609,609,609
610,Bryce,Lascelles,blascellesgx@cdbaby.com,03/20/2022,+504 638 245 0549,Not Active,610,610,610
611,Elene,Curston,ecurstongy@icio.us,07/11/2022,+258 437 215 1996,Not Active,611,611,611
612,Jilleen,Caldero,jcalderogz@hc360.com,09/20/2022,+62 379 710 4130,Not Active,612,612,612
613,Rurik,Willsmore,rwillsmoreh0@kickstarter.com,11/20/2020,+212 721 692 4688,Not Active,613,613,613
614,Chrissie,Torry,ctorryh1@hostgator.com,11/04/2022,+86 131 488 8969,Not Active,614,614,614
615,Trescha,Heaffey,theaffeyh2@slate.com,10/10/2021,+7 851 136 4085,Not Active,615,615,615
616,Kaylee,Deeth,kdeethh3@wikispaces.com,09/26/2020,+86 950 146 0335,Not Active,616,616,616
617,Davie,Cortnay,dcortnayh4@cargocollective.com,05/08/2021,+60 965 214 4802,Not Active,617,617,617
618,Marybelle,Ilyasov,milyasovh5@state.tx.us,04/03/2021,+33 948 973 4302,Not Active,618,618,618
619,Kelci,Patchett,kpatchetth6@skyrock.com,01/15/2020,+62 327 811 5024,Not Active,619,619,619
620,Daphna,Bonham,dbonhamh7@tiny.cc,06/25/2020,+66 356 947 9371,Not Active,620,620,620
621,Rex,Pearton,rpeartonh8@mlb.com,08/28/2022,+62 787 457 4738,Not Active,621,621,621
622,Westley,Girardini,wgirardinih9@sitemeter.com,09/09/2021,+63 340 878 9904,Not Active,622,622,622
623,Suzie,Austins,saustinsha@harvard.edu,12/04/2020,+251 812 741 1810,Not Active,623,623,623
624,Lucine,Coryndon,lcoryndonhb@addtoany.com,09/18/2022,+55 597 135 7920,Not Active,624,624,624
625,Hagan,Rehorek,hrehorekhc@seesaa.net,02/15/2021,+351 930 386 5418,Not Active,625,625,625
626,Ronica,Thody,rthodyhd@gmpg.org,05/01/2021,+81 561 768 2723,Not Active,626,626,626
627,Erin,Richardeau,erichardeauhe@desdev.cn,07/25/2021,+7 789 262 2389,Not Active,627,627,627
628,Nappy,Gagie,ngagiehf@hubpages.com,03/10/2020,+86 446 351 0360,Not Active,628,628,628
629,Erin,Southby,esouthbyhg@elpais.com,08/18/2020,+62 572 913 7295,Not Active,629,629,629
630,Marquita,Lewnden,mlewndenhh@facebook.com,12/23/2020,+86 748 654 4152,Not Active,630,630,630
631,Huntlee,Gabbotts,hgabbottshi@list-manage.com,12/03/2021,+503 698 928 4474,Not Active,631,631,631
632,Ernaline,Willis,ewillishj@noaa.gov,08/29/2022,+850 205 524 8922,Not Active,632,632,632
633,Konrad,Collyer,kcollyerhk@google.com,02/26/2020,+7 455 408 0675,Not Active,633,633,633
634,Valentine,Becken,vbeckenhl@ebay.co.uk,02/04/2022,+380 827 216 6620,Not Active,634,634,634
635,Ricard,Josh,rjoshhm@columbia.edu,10/31/2021,+55 230 648 4727,Not Active,635,635,635
636,Celka,A'Barrow,cabarrowhn@is.gd,03/23/2022,+7 188 230 9507,Not Active,636,636,636
637,Bernard,Blackster,bblacksterho@cnet.com,04/23/2021,+63 761 436 6960,Not Active,637,637,637
638,Dene,Gath,dgathhp@japanpost.jp,06/22/2022,+86 815 466 4402,Not Active,638,638,638
639,Elissa,Conkay,econkayhq@buzzfeed.com,08/03/2020,+1 803 745 0023,Not Active,639,639,639
640,Bradney,Hyman,bhymanhr@wikipedia.org,11/30/2020,+960 542 404 9163,Not Active,640,640,640
641,Marthe,Spiteri,mspiterihs@zdnet.com,09/03/2022,+86 306 826 1555,Not Active,641,641,641
642,Eveleen,Klimkin,eklimkinht@wsj.com,06/02/2022,+94 287 291 6898,Not Active,642,642,642
643,Myrta,Fluger,mflugerhu@ow.ly,06/08/2020,+81 539 508 8090,Not Active,643,643,643
644,Baxy,Arnault,barnaulthv@cbslocal.com,04/20/2022,+49 737 987 8470,Not Active,644,644,644
645,Fayina,Bee,fbeehw@shinystat.com,10/08/2021,+86 753 138 2443,Not Active,645,645,645
646,Cecily,Sudran,csudranhx@samsung.com,05/26/2022,+7 753 981 1519,Not Active,646,646,646
647,Cyndi,Crigin,ccriginhy@ameblo.jp,04/07/2020,+355 407 883 6697,Not Active,647,647,647
648,Ruttger,Haig,rhaighz@themeforest.net,11/14/2022,+86 512 345 2437,Not Active,648,648,648
649,Thaxter,Collingworth,tcollingworthi0@ycombinator.com,04/04/2021,+86 332 933 0484,Not Active,649,649,649
650,Emlyn,Swadon,eswadoni1@arstechnica.com,06/24/2022,+81 813 495 1132,Not Active,650,650,650
651,Lisetta,Philipart,lphiliparti2@psu.edu,01/16/2022,+63 409 661 4345,Not Active,651,651,651
652,Elwyn,Phythean,ephytheani3@mozilla.org,02/16/2020,+81 521 733 0112,Not Active,652,652,652
653,Orv,Bills,obillsi4@rakuten.co.jp,10/01/2022,+972 962 388 6098,Not Active,653,653,653
654,Jacquie,Ekless,jeklessi5@imdb.com,12/25/2022,+55 431 586 3488,Not Active,654,654,654
655,Lula,Horlock,lhorlocki6@blogs.com,08/07/2022,+420 757 313 6594,Not Active,655,655,655
656,Jeniffer,Mundie,jmundiei7@wordpress.org,06/15/2020,+86 119 180 0475,Not Active,656,656,656
657,Josephina,Eveque,jevequei8@twitter.com,07/05/2020,+63 634 262 0575,Not Active,657,657,657
658,Lanni,Foat,lfoati9@timesonline.co.uk,08/07/2022,+386 327 122 6416,Not Active,658,658,658
659,Ernestine,Teacy,eteacyia@blinklist.com,04/26/2022,+48 276 456 5404,Not Active,659,659,659
660,Shannan,Kennford,skennfordib@amazon.co.jp,08/16/2021,+970 861 854 4110,Not Active,660,660,660
661,Shaine,Gonnely,sgonnelyic@acquirethisname.com,03/04/2020,+33 819 626 9141,Not Active,661,661,661
662,Debby,Varns,dvarnsid@hao123.com,12/02/2022,+86 387 986 6468,Not Active,662,662,662
663,Sella,Torri,storriie@sphinn.com,01/12/2020,+86 794 281 4396,Not Active,663,663,663
664,Talia,Iacovini,tiacoviniif@hibu.com,01/23/2022,+57 823 612 8988,Not Active,664,664,664
665,Matias,Hengoed,mhengoedig@blogger.com,08/09/2021,+1 735 385 1003,Not Active,665,665,665
666,Catlin,Rubartelli,crubartelliih@symantec.com,02/02/2020,+86 163 621 9985,Not Active,666,666,666
667,Cristionna,Streatfeild,cstreatfeildii@qq.com,01/14/2022,+86 119 346 0896,Not Active,667,667,667
668,Bruno,Shardlow,bshardlowij@wordpress.com,11/09/2022,+27 556 929 6804,Not Active,668,668,668
669,Martie,Fauguel,mfauguelik@woothemes.com,04/04/2022,+1 814 402 7667,Not Active,669,669,669
670,Donalt,Strephan,dstrephanil@de.vu,10/10/2020,+46 421 861 0422,Not Active,670,670,670
671,Onfre,Blewis,oblewisim@amazon.co.uk,05/12/2022,+263 251 571 9620,Not Active,671,671,671
672,Belia,Pollastrone,bpollastronein@netvibes.com,09/12/2020,+62 573 206 2936,Not Active,672,672,672
673,Orsa,Wiltshear,owiltsheario@sitemeter.com,04/07/2020,+86 634 111 4154,Not Active,673,673,673
674,Peggy,Matussov,pmatussovip@com.com,07/18/2022,+33 303 487 9445,Not Active,674,674,674
675,Si,Cohr,scohriq@marriott.com,09/21/2020,+86 645 218 1432,Not Active,675,675,675
676,Abbey,Ellul,aellulir@xrea.com,08/15/2022,+7 832 506 7599,Not Active,676,676,676
677,Wilfrid,Haxley,whaxleyis@geocities.com,12/29/2022,+380 338 634 7911,Not Active,677,677,677
678,Alphonso,Paulisch,apaulischit@sina.com.cn,11/06/2021,+51 438 318 1176,Not Active,678,678,678
679,Gwyn,Wenger,gwengeriu@cbslocal.com,11/15/2020,+225 331 265 2606,Not Active,679,679,679
680,Charil,Tott,ctottiv@usatoday.com,08/27/2020,+86 858 536 2358,Not Active,680,680,680
681,Milty,D' Angelo,mdangeloiw@jiathis.com,01/29/2022,+7 497 737 8865,Not Active,681,681,681
682,Genvieve,Churchley,gchurchleyix@ebay.com,01/30/2022,+86 631 847 0017,Not Active,682,682,682
683,Reggie,Radborne,rradborneiy@omniture.com,05/30/2021,+216 247 595 0829,Not Active,683,683,683
684,Patrizius,David,pdavidiz@virginia.edu,12/28/2020,+351 113 926 9194,Not Active,684,684,684
685,Christoper,Siderfin,csiderfinj0@wordpress.com,04/04/2020,+62 206 745 9563,Not Active,685,685,685
686,Prentiss,Simper,psimperj1@sbwire.com,01/12/2021,+48 129 786 1955,Not Active,686,686,686
687,Buiron,Hannaford,bhannafordj2@webeden.co.uk,01/21/2021,+7 420 639 4867,Not Active,687,687,687
688,Opaline,Browell,obrowellj3@dmoz.org,03/26/2020,+62 866 476 8078,Not Active,688,688,688
689,Job,Wimbury,jwimburyj4@issuu.com,06/07/2021,+86 584 917 6469,Not Active,689,689,689
690,Alain,Sange,asangej5@paypal.com,11/01/2021,+62 766 671 7038,Not Active,690,690,690
691,Alberto,O'Lehane,aolehanej6@reuters.com,08/12/2021,+86 431 568 6699,Not Active,691,691,691
692,Cele,Lackmann,clackmannj7@yellowpages.com,06/12/2021,+66 739 787 5378,Not Active,692,692,692
693,Christyna,Bonifant,cbonifantj8@bbb.org,09/09/2021,+359 596 826 3480,Not Active,693,693,693
694,Allix,Ledger,aledgerj9@bandcamp.com,07/15/2022,+46 617 888 7639,Not Active,694,694,694
695,Kassie,Lobley,klobleyja@bbc.co.uk,02/20/2020,+48 937 948 0058,Not Active,695,695,695
696,Tarrance,Thurgood,tthurgoodjb@senate.gov,06/15/2022,+48 851 470 9910,Not Active,696,696,696
697,Pepillo,Keaveny,pkeavenyjc@scribd.com,01/18/2022,+506 730 313 8405,Not Active,697,697,697
698,Kordula,Favey,kfaveyjd@typepad.com,06/06/2022,+51 358 902 0070,Not Active,698,698,698
699,Giulio,Pitkeathly,gpitkeathlyje@gnu.org,03/24/2022,+86 141 808 1786,Not Active,699,699,699
700,Theresita,Wordington,twordingtonjf@shinystat.com,11/26/2022,+62 760 932 1815,Not Active,700,700,700
701,Britte,Strongman,bstrongmanjg@baidu.com,06/30/2020,+48 478 839 5390,Not Active,701,701,701
702,Deanna,Riddiford,driddifordjh@163.com,09/19/2022,+55 367 194 3801,Not Active,702,702,702
703,Kaile,Renfrew,krenfrewji@shutterfly.com,03/13/2020,+380 870 132 0131,Not Active,703,703,703
704,Rosanne,Iacovozzo,riacovozzojj@answers.com,03/14/2021,+63 860 227 5583,Not Active,704,704,704
705,Benji,Leggett,bleggettjk@blogtalkradio.com,04/01/2021,+7 502 665 8845,Not Active,705,705,705
706,Dex,Madgin,dmadginjl@example.com,01/19/2020,+351 641 683 3059,Not Active,706,706,706
707,Neille,Yeomans,nyeomansjm@unblog.fr,05/22/2022,+86 349 785 4558,Not Active,707,707,707
708,Maren,Copyn,mcopynjn@samsung.com,06/14/2020,+235 953 679 3834,Not Active,708,708,708
709,Adolpho,Simkin,asimkinjo@princeton.edu,10/07/2021,+7 829 813 3267,Not Active,709,709,709
710,Marge,Marlowe,mmarlowejp@who.int,10/08/2020,+86 931 331 4631,Not Active,710,710,710
711,Maxim,Dyers,mdyersjq@aboutads.info,11/24/2020,+62 153 844 7774,Not Active,711,711,711
712,Ronnie,Askell,raskelljr@fda.gov,07/06/2020,+61 911 771 2217,Not Active,712,712,712
713,Demetris,Hiner,dhinerjs@redcross.org,09/13/2020,+33 332 166 5333,Not Active,713,713,713
714,Paulette,Woolfenden,pwoolfendenjt@prlog.org,12/01/2021,+62 926 886 5514,Not Active,714,714,714
715,Imelda,Boecke,iboeckeju@pbs.org,03/24/2021,+86 800 891 1351,Not Active,715,715,715
716,Leonelle,Custance,lcustancejv@apache.org,07/15/2022,+62 519 355 5449,Not Active,716,716,716
717,Samson,Dirr,sdirrjw@sitemeter.com,12/07/2020,+86 603 796 0228,Not Active,717,717,717
718,Rowena,Filipczynski,rfilipczynskijx@digg.com,02/02/2021,+380 408 411 7472,Not Active,718,718,718
719,Lettie,Renney,lrenneyjy@soup.io,12/09/2022,+98 643 337 9548,Not Active,719,719,719
720,Jacynth,Swyre,jswyrejz@bigcartel.com,01/30/2022,+63 857 568 0108,Not Active,720,720,720
721,Estelle,Lombardo,elombardok0@howstuffworks.com,12/01/2020,+86 348 996 6230,Not Active,721,721,721
722,Chelsea,Pettet,cpettetk1@china.com.cn,03/21/2021,+98 793 857 1449,Not Active,722,722,722
723,Maggi,Huske,mhuskek2@blogspot.com,07/27/2020,+62 593 372 0039,Not Active,723,723,723
724,Tonie,Heymann,theymannk3@geocities.com,10/31/2021,+992 893 827 5212,Not Active,724,724,724
725,Nickola,Jerromes,njerromesk4@webs.com,04/09/2021,+225 887 701 9559,Not Active,725,725,725
726,Ardyth,Hartopp,ahartoppk5@theatlantic.com,10/27/2022,+51 443 755 3220,Not Active,726,726,726
727,Lanna,Roon,lroonk6@soup.io,06/25/2020,+973 439 855 8614,Not Active,727,727,727
728,Dillie,De Andisie,ddeandisiek7@alibaba.com,07/25/2020,+86 363 130 4987,Not Active,728,728,728
729,Mort,Ramelot,mramelotk8@edublogs.org,06/04/2022,+56 896 627 9341,Not Active,729,729,729
730,Valene,Perse,vpersek9@qq.com,04/10/2021,+86 622 985 5560,Not Active,730,730,730
731,Kenneth,Burchatt,kburchattka@sohu.com,04/23/2020,+503 576 291 3131,Not Active,731,731,731
732,Tanhya,Loads,tloadskb@histats.com,04/09/2020,+57 795 231 9824,Not Active,732,732,732
733,Maudie,Tillard,mtillardkc@columbia.edu,09/09/2022,+967 698 174 2119,Not Active,733,733,733
734,Ingrid,Episcopi,iepiscopikd@dagondesign.com,11/06/2021,+81 525 581 1510,Not Active,734,734,734
735,Wald,Hair,whairke@ftc.gov,06/18/2022,+373 354 819 5966,Not Active,735,735,735
736,Chaunce,Keaveny,ckeavenykf@deliciousdays.com,12/13/2020,+62 514 507 9266,Not Active,736,736,736
737,Roslyn,Freyne,rfreynekg@posterous.com,10/04/2021,+57 281 861 9582,Not Active,737,737,737
738,Meryl,Sambeck,msambeckkh@netvibes.com,01/09/2022,+63 572 781 2199,Not Active,738,738,738
739,Rosita,Tollemache,rtollemacheki@ucla.edu,02/04/2022,+63 540 926 0894,Not Active,739,739,739
740,Nathaniel,Healey,nhealeykj@umn.edu,08/11/2022,+7 281 199 8159,Not Active,740,740,740
741,Brook,Robinette,brobinettekk@opensource.org,08/06/2020,+66 926 904 8237,Not Active,741,741,741
742,Hortense,Baggett,hbaggettkl@istockphoto.com,02/27/2020,+62 576 284 8555,Not Active,742,742,742
743,Anthia,Hallock,ahallockkm@canalblog.com,06/15/2020,+7 708 637 2183,Not Active,743,743,743
744,Cristobal,Manger,cmangerkn@biglobe.ne.jp,07/13/2022,+33 251 531 1300,Not Active,744,744,744
745,Dore,Antognazzi,dantognazziko@nifty.com,11/02/2020,+255 593 304 7036,Not Active,745,745,745
746,Cris,Maybey,cmaybeykp@harvard.edu,07/12/2021,+420 191 533 2280,Not Active,746,746,746
747,Klarika,Redholls,kredhollskq@huffingtonpost.com,08/11/2020,+55 445 520 0273,Not Active,747,747,747
748,Myer,Brame,mbramekr@de.vu,01/03/2022,+62 670 144 3668,Not Active,748,748,748
749,Sarine,MacArthur,smacarthurks@sphinn.com,07/29/2022,+46 823 157 8116,Not Active,749,749,749
750,Myrtie,Petroff,mpetroffkt@blogtalkradio.com,01/01/2022,+63 678 566 2917,Not Active,750,750,750
751,Devin,Le Floch,dleflochku@census.gov,10/06/2020,+963 173 496 2582,Not Active,751,751,751
752,Say,Swin,sswinkv@etsy.com,03/19/2021,+55 398 874 0667,Not Active,752,752,752
753,Lorettalorna,Deakin,ldeakinkw@squidoo.com,03/19/2022,+372 106 139 7299,Not Active,753,753,753
754,Heda,Pyecroft,hpyecroftkx@lulu.com,01/12/2020,+86 860 284 1022,Not Active,754,754,754
755,Corliss,Robuchon,crobuchonky@dedecms.com,09/04/2020,+62 289 512 8483,Not Active,755,755,755
756,Emili,Wix,ewixkz@issuu.com,04/10/2022,+86 604 449 2886,Not Active,756,756,756
757,Lezley,Grimsell,lgrimselll0@privacy.gov.au,06/30/2021,+57 248 524 1569,Not Active,757,757,757
758,Gwynne,Manicomb,gmanicombl1@hibu.com,11/27/2021,+86 942 928 6986,Not Active,758,758,758
759,Derry,Braley,dbraleyl2@geocities.jp,01/24/2020,+62 834 605 7525,Not Active,759,759,759
760,Otes,Dorracott,odorracottl3@indiegogo.com,03/11/2020,+420 405 422 7048,Not Active,760,760,760
761,Erasmus,O'Currane,eocurranel4@tuttocitta.it,10/18/2021,+62 983 370 5406,Not Active,761,761,761
762,Noak,Hachard,nhachardl5@acquirethisname.com,05/18/2021,+53 561 913 9986,Not Active,762,762,762
763,Kristoffer,Hardiker,khardikerl6@blogspot.com,07/13/2021,+44 126 474 5003,Not Active,763,763,763
764,Mic,Lonnon,mlonnonl7@hugedomains.com,10/30/2022,+81 727 362 9322,Not Active,764,764,764
765,Yorgo,Pesak,ypesakl8@independent.co.uk,03/18/2020,+62 150 896 7072,Not Active,765,765,765
766,Guthrey,Tivers,gtiversl9@trellian.com,11/29/2021,+86 187 576 2023,Not Active,766,766,766
767,Margery,Shortland,mshortlandla@dailymail.co.uk,01/21/2022,+51 862 642 7764,Not Active,767,767,767
768,Zechariah,Kingswood,zkingswoodlb@unesco.org,09/06/2022,+385 583 973 9379,Not Active,768,768,768
769,Celka,Yes,cyeslc@google.cn,10/17/2020,+7 995 491 0146,Not Active,769,769,769
770,Burgess,Tilzey,btilzeyld@reddit.com,07/29/2021,+86 392 397 2489,Not Active,770,770,770
771,Johnnie,Dench,jdenchle@clickbank.net,08/05/2020,+62 610 248 2897,Not Active,771,771,771
772,Gayle,Dunkerton,gdunkertonlf@reference.com,06/13/2021,+55 417 429 9443,Not Active,772,772,772
773,Etienne,Iorillo,eiorillolg@bravesites.com,06/29/2020,+57 555 950 8367,Not Active,773,773,773
774,Denny,Thying,dthyinglh@amazon.de,12/03/2022,+961 413 803 1730,Not Active,774,774,774
775,Karisa,Bourley,kbourleyli@simplemachines.org,11/15/2022,+92 338 163 8717,Not Active,775,775,775
776,Liuka,McCaughey,lmccaugheylj@miitbeian.gov.cn,07/26/2021,+63 936 416 4506,Not Active,776,776,776
777,Dee dee,Renny,drennylk@woothemes.com,06/03/2022,+86 346 971 3569,Not Active,777,777,777
778,Katha,Aldren,kaldrenll@homestead.com,03/30/2020,+62 842 522 9039,Not Active,778,778,778
779,Gualterio,Darcey,gdarceylm@addtoany.com,03/30/2021,+386 445 956 8078,Not Active,779,779,779
780,Simonette,Poundsford,spoundsfordln@vinaora.com,06/01/2020,+20 721 190 8296,Not Active,780,780,780
781,Hobard,Roof,hrooflo@wiley.com,08/07/2020,+351 487 982 5237,Not Active,781,781,781
782,Barry,Leonida,bleonidalp@ftc.gov,03/01/2022,+62 571 284 9311,Not Active,782,782,782
783,Alena,Fleg,afleglq@apache.org,05/19/2021,+967 424 606 5395,Not Active,783,783,783
784,Sonnie,French,sfrenchlr@hostgator.com,02/02/2021,+62 784 352 8140,Not Active,784,784,784
785,Waiter,Jaggar,wjaggarls@about.com,06/26/2021,+33 906 845 8225,Not Active,785,785,785
786,Natasha,Feron,nferonlt@sun.com,04/27/2022,+351 908 773 2435,Not Active,786,786,786
787,Daisie,Ashby,dashbylu@earthlink.net,02/15/2020,+970 294 595 3564,Not Active,787,787,787
788,Ali,Chalfain,achalfainlv@youtube.com,12/25/2020,+385 687 937 0354,Not Active,788,788,788
789,Judie,Dingwall,jdingwalllw@behance.net,03/18/2021,+48 446 283 5568,Not Active,789,789,789
790,Henka,Child,hchildlx@yandex.ru,08/03/2021,+223 656 240 3749,Not Active,790,790,790
791,Sarita,Bayless,sbaylessly@networkadvertising.org,06/25/2022,+86 149 471 5634,Not Active,791,791,791
792,Garwin,Brabyn,gbrabynlz@cafepress.com,08/23/2022,+963 943 220 2533,Not Active,792,792,792
793,Milicent,Haffenden,mhaffendenm0@w3.org,05/18/2022,+86 251 819 6723,Not Active,793,793,793
794,Evered,Yukhov,eyukhovm1@dailymotion.com,09/30/2020,+93 937 820 8765,Not Active,794,794,794
795,Rea,Manger,rmangerm2@newyorker.com,01/21/2020,+86 848 212 1224,Not Active,795,795,795
796,Alano,Frisel,afriselm3@ca.gov,06/18/2020,+86 656 999 9259,Not Active,796,796,796
797,Petr,Langforth,plangforthm4@cbc.ca,12/30/2020,+33 269 456 9731,Not Active,797,797,797
798,Malinde,Bolzen,mbolzenm5@imageshack.us,09/12/2020,+66 281 192 2304,Not Active,798,798,798
799,Lorine,Scriven,lscrivenm6@t-online.de,04/16/2021,+1 571 589 4072,Not Active,799,799,799
800,Noreen,Camin,ncaminm7@bing.com,09/20/2022,+48 782 406 6651,Not Active,800,800,800
801,Clayborne,Brundale,cbrundalem8@gizmodo.com,12/29/2020,+33 448 739 5942,Not Active,801,801,801
802,Claribel,O'Sharkey,cosharkeym9@linkedin.com,05/19/2020,+30 548 749 3695,Not Active,802,802,802
803,Roxine,Balk,rbalkma@go.com,12/03/2020,+33 614 246 3142,Not Active,803,803,803
804,Lucinda,Gorgl,lgorglmb@skype.com,11/12/2021,+967 139 743 3282,Not Active,804,804,804
805,Timi,Steane,tsteanemc@cornell.edu,05/29/2022,+380 914 725 7800,Not Active,805,805,805
806,Tiebout,Nudd,tnuddmd@godaddy.com,10/31/2022,+33 457 483 8600,Not Active,806,806,806
807,Lexi,Siflet,lsifletme@unicef.org,09/28/2020,+86 460 526 6795,Not Active,807,807,807
808,Doll,Frye,dfryemf@cdbaby.com,05/12/2022,+86 175 776 6821,Not Active,808,808,808
809,Gianna,Moors,gmoorsmg@goo.ne.jp,10/13/2022,+86 447 147 0228,Not Active,809,809,809
810,Louisa,Freire,lfreiremh@ibm.com,09/02/2022,+86 797 197 0600,Not Active,810,810,810
811,Ignazio,Lindley,ilindleymi@freewebs.com,05/15/2020,+963 303 850 7059,Not Active,811,811,811
812,Beck,Carslaw,bcarslawmj@google.cn,11/09/2022,+27 660 511 7696,Not Active,812,812,812
813,Davita,Camelia,dcameliamk@netvibes.com,11/07/2022,+55 340 928 7984,Not Active,813,813,813
814,Urbano,Gribbin,ugribbinml@bbc.co.uk,04/13/2022,+58 876 412 6131,Not Active,814,814,814
815,Madelin,Licciardo,mlicciardomm@google.pl,02/24/2020,+54 712 273 7174,Not Active,815,815,815
816,Del,Moffat,dmoffatmn@imgur.com,04/21/2020,+86 229 491 2743,Not Active,816,816,816
817,Dick,Verrillo,dverrillomo@businessinsider.com,05/06/2020,+48 356 212 4123,Not Active,817,817,817
818,Svend,Troni,stronimp@wiley.com,08/10/2021,+86 741 625 8132,Not Active,818,818,818
819,Preston,Yurevich,pyurevichmq@wunderground.com,08/30/2021,+81 475 818 1008,Not Active,819,819,819
820,Ajay,Forber,aforbermr@cmu.edu,02/03/2022,+62 284 949 3798,Not Active,820,820,820
821,Ferrel,Cornejo,fcornejoms@etsy.com,10/22/2020,+84 686 576 5453,Not Active,821,821,821
822,Raddy,Slyme,rslymemt@sbwire.com,04/08/2021,+51 597 622 4725,Not Active,822,822,822
823,Ashli,Biaggioli,abiaggiolimu@smugmug.com,01/05/2021,+212 146 237 7261,Not Active,823,823,823
824,Tracie,Wildsmith,twildsmithmv@vistaprint.com,01/08/2022,+86 953 528 0125,Not Active,824,824,824
825,Josy,Meneer,jmeneermw@japanpost.jp,10/14/2020,+509 780 349 9020,Not Active,825,825,825
826,Ursula,Wyldes,uwyldesmx@wordpress.com,05/22/2022,+86 304 570 9210,Not Active,826,826,826
827,Barrett,Crosland,bcroslandmy@ted.com,02/14/2022,+33 842 772 4101,Not Active,827,827,827
828,Suzy,Sarle,ssarlemz@newsvine.com,07/10/2022,+1 332 405 8062,Not Active,828,828,828
829,Aylmer,Linklet,alinkletn0@netscape.com,12/27/2022,+51 471 653 3512,Not Active,829,829,829
830,Wendall,Broxis,wbroxisn1@ucoz.com,01/15/2020,+62 534 114 3156,Not Active,830,830,830
831,Rosalinde,Dampier,rdampiern2@spiegel.de,10/31/2022,+52 116 296 8436,Not Active,831,831,831
832,Bellina,Denzey,bdenzeyn3@amazonaws.com,02/19/2020,+86 424 637 3789,Not Active,832,832,832
833,Marney,Heathcote,mheathcoten4@businessweek.com,06/21/2021,+7 983 309 0322,Not Active,833,833,833
834,Kristoforo,Leport,kleportn5@theglobeandmail.com,02/25/2021,+94 601 597 6240,Not Active,834,834,834
835,Ana,Stiebler,astieblern6@51.la,09/14/2021,+351 149 301 3670,Not Active,835,835,835
836,Arlena,Egan,aegann7@wordpress.org,08/20/2022,+57 659 259 7111,Not Active,836,836,836
837,Kerri,Golton,kgoltonn8@oakley.com,02/09/2020,+1 832 921 6028,Not Active,837,837,837
838,Flss,Colleford,fcollefordn9@seattletimes.com,10/23/2022,+57 894 857 4278,Not Active,838,838,838
839,Les,Kornel,lkornelna@salon.com,10/17/2021,+351 171 979 8002,Not Active,839,839,839
840,Scarface,Durram,sdurramnb@newyorker.com,05/30/2022,+375 764 653 9464,Not Active,840,840,840
841,Ermengarde,Howgill,ehowgillnc@so-net.ne.jp,04/16/2020,+595 516 554 4176,Not Active,841,841,841
842,Catlaina,Pfeuffer,cpfeuffernd@usa.gov,12/10/2021,+66 505 827 7305,Not Active,842,842,842
843,Isador,Padkin,ipadkinne@about.com,08/26/2021,+33 504 781 8883,Not Active,843,843,843
844,Hadria,Dinley,hdinleynf@java.com,06/16/2022,+48 808 359 8967,Not Active,844,844,844
845,Roxie,Hendriks,rhendriksng@homestead.com,01/07/2021,+86 499 756 0169,Not Active,845,845,845
846,Derrick,Ovington,dovingtonnh@goo.ne.jp,08/16/2022,+62 523 434 6742,Not Active,846,846,846
847,Grover,Fradgley,gfradgleyni@blinklist.com,07/20/2021,+880 876 980 2716,Not Active,847,847,847
848,Jilli,Bremmell,jbremmellnj@eventbrite.com,01/23/2021,+33 158 418 8728,Not Active,848,848,848
849,Silvanus,Garwell,sgarwellnk@spotify.com,03/24/2021,+972 664 815 1360,Not Active,849,849,849
850,Milli,Folbig,mfolbignl@shareasale.com,12/25/2022,+62 941 867 9876,Not Active,850,850,850
851,Agnes,Hedderly,ahedderlynm@twitpic.com,03/26/2022,+86 705 342 8719,Not Active,851,851,851
852,Odey,Tooby,otoobynn@ted.com,01/06/2021,+86 157 692 7048,Not Active,852,852,852
853,Ollie,Widdows,owiddowsno@google.de,03/15/2021,+63 102 226 2399,Not Active,853,853,853
854,Marylee,Jeske,mjeskenp@nsw.gov.au,07/08/2021,+48 968 815 7147,Not Active,854,854,854
855,Hunfredo,Risebarer,hrisebarernq@miitbeian.gov.cn,04/21/2022,+502 726 993 0254,Not Active,855,855,855
856,Eddie,Saintsbury,esaintsburynr@google.ru,10/08/2022,+256 555 451 3734,Not Active,856,856,856
857,Lina,Harrinson,lharrinsonns@reference.com,11/10/2021,+86 240 640 3470,Not Active,857,857,857
858,Blaine,Porcher,bporchernt@businessinsider.com,12/08/2021,+380 599 160 2527,Not Active,858,858,858
859,Ada,Cummins,acumminsnu@1688.com,06/29/2021,+62 781 298 9499,Not Active,859,859,859
860,Kenny,Liston,klistonnv@jigsy.com,04/29/2022,+86 490 192 6616,Not Active,860,860,860
861,Julienne,Imeson,jimesonnw@vk.com,04/20/2022,+34 940 758 4020,Not Active,861,861,861
862,Skell,Champerlen,schamperlennx@princeton.edu,12/11/2022,+54 952 925 7647,Not Active,862,862,862
863,Erhard,McCutheon,emccutheonny@wikispaces.com,08/10/2020,+86 362 721 4300,Not Active,863,863,863
864,Cobby,Cuppitt,ccuppittnz@oracle.com,03/21/2020,+54 775 300 1348,Not Active,864,864,864
865,Adelbert,Lofts,aloftso0@gnu.org,06/25/2021,+850 366 414 0579,Not Active,865,865,865
866,Cookie,Grumbridge,cgrumbridgeo1@liveinternet.ru,11/11/2022,+86 320 268 1806,Not Active,866,866,866
867,Lucina,Wash,lwasho2@surveymonkey.com,08/06/2022,+86 493 873 9367,Not Active,867,867,867
868,Burnaby,Willacot,bwillacoto3@prweb.com,09/19/2022,+7 741 552 8022,Not Active,868,868,868
869,Kerwinn,McCrachen,kmccracheno4@nifty.com,11/25/2020,+66 110 581 1683,Not Active,869,869,869
870,Blondelle,Yanez,byanezo5@dell.com,12/02/2021,+1 836 848 0094,Not Active,870,870,870
871,Frazier,Eliot,felioto6@barnesandnoble.com,03/16/2020,+351 621 838 8224,Not Active,871,871,871
872,Andrew,Bagehot,abagehoto7@360.cn,05/21/2021,+55 312 908 9015,Not Active,872,872,872
873,Jefferson,Dyball,jdyballo8@istockphoto.com,01/12/2022,+55 347 965 0539,Not Active,873,873,873
874,Wilhelm,Steers,wsteerso9@hibu.com,01/19/2022,+86 924 136 8264,Not Active,874,874,874
875,Mechelle,Mickelwright,mmickelwrightoa@slashdot.org,06/09/2021,+263 265 218 5205,Not Active,875,875,875
876,Rustin,Wittleton,rwittletonob@skyrock.com,11/29/2021,+81 894 880 0049,Not Active,876,876,876
877,Cooper,Stratford,cstratfordoc@mapy.cz,04/01/2021,+249 138 608 3418,Not Active,877,877,877
878,Maurie,Heaps,mheapsod@webmd.com,03/02/2020,+249 284 775 4759,Not Active,878,878,878
879,Emmanuel,Brisse,ebrisseoe@reuters.com,12/01/2020,+62 193 743 5964,Not Active,879,879,879
880,Spenser,Crucitti,scrucittiof@taobao.com,05/11/2020,+63 473 730 1774,Not Active,880,880,880
881,Meriel,Shimman,mshimmanog@rambler.ru,01/10/2020,+56 177 464 1084,Not Active,881,881,881
882,Addie,Roskruge,aroskrugeoh@icio.us,01/01/2020,+233 733 625 3276,Not Active,882,882,882
883,Farrah,Totman,ftotmanoi@github.com,08/19/2020,+53 110 916 1436,Not Active,883,883,883
884,Adelina,Moar,amoaroj@ovh.net,03/01/2020,+593 539 355 1741,Not Active,884,884,884
885,Richie,Rickaby,rrickabyok@alibaba.com,04/30/2020,+86 206 894 9562,Not Active,885,885,885
886,Rosemonde,De Benedictis,rdebenedictisol@google.es,09/18/2021,+420 338 382 4926,Not Active,886,886,886
887,Susanna,Barrable,sbarrableom@youku.com,10/01/2020,+234 289 974 2399,Not Active,887,887,887
888,Emilie,Weatherhogg,eweatherhoggon@epa.gov,09/25/2020,+56 267 947 8489,Not Active,888,888,888
889,Alina,Winsome,awinsomeoo@ehow.com,07/29/2020,+1 283 959 5357,Not Active,889,889,889
890,Tammy,Winterton,twintertonop@nature.com,05/24/2020,+381 797 504 2105,Not Active,890,890,890
891,Connie,Horry,chorryoq@bloomberg.com,11/21/2021,+86 656 574 7999,Not Active,891,891,891
892,Jeane,Frankton,jfranktonor@edublogs.org,08/12/2022,+352 550 822 9365,Not Active,892,892,892
893,Boonie,Ganny,bgannyos@ucsd.edu,11/20/2020,+48 671 694 6581,Not Active,893,893,893
894,Aldridge,Wolfendale,awolfendaleot@state.gov,02/09/2020,+48 781 195 6295,Not Active,894,894,894
895,Cristiano,Casaccia,ccasacciaou@ft.com,03/02/2022,+86 560 922 8533,Not Active,895,895,895
896,Vivyan,Claworth,vclaworthov@jalbum.net,09/09/2022,+81 959 384 2299,Not Active,896,896,896
897,Giovanna,Rubertelli,grubertelliow@myspace.com,02/08/2022,+86 757 155 1924,Not Active,897,897,897
898,Vanya,Leif,vleifox@hugedomains.com,03/26/2022,+7 617 372 0891,Not Active,898,898,898
899,Haley,Staley,hstaleyoy@hhs.gov,02/10/2020,+351 119 879 9980,Not Active,899,899,899
900,Warner,Baumford,wbaumfordoz@ucoz.com,02/11/2020,+48 977 836 7179,Not Active,900,900,900
901,Odell,Enders,oendersp0@blinklist.com,02/28/2020,+55 118 726 9116,Not Active,901,901,901
902,Laurens,Strode,lstrodep1@dedecms.com,11/15/2020,+55 893 853 3219,Not Active,902,902,902
903,Rustie,Roderighi,rroderighip2@barnesandnoble.com,08/13/2020,+63 733 596 0749,Not Active,903,903,903
904,Stavro,Keuntje,skeuntjep3@opensource.org,05/18/2022,+98 247 250 2428,Not Active,904,904,904
905,Britni,Matthis,bmatthisp4@yahoo.com,10/27/2021,+1 719 181 0015,Not Active,905,905,905
906,Roderich,Devlin,rdevlinp5@cocolog-nifty.com,10/22/2022,+62 965 836 1579,Not Active,906,906,906
907,Kendall,Horsfield,khorsfieldp6@angelfire.com,10/04/2020,+48 720 661 0915,Not Active,907,907,907
908,Rip,Johananoff,rjohananoffp7@gmpg.org,07/04/2021,+55 199 134 1679,Not Active,908,908,908
909,Lydia,Ruffle,lrufflep8@cpanel.net,11/11/2021,+46 762 149 2886,Not Active,909,909,909
910,Dalt,Wrightam,dwrightamp9@answers.com,12/22/2022,+7 550 701 8942,Not Active,910,910,910
911,Belia,Whitecross,bwhitecrosspa@jigsy.com,04/15/2022,+380 830 137 7457,Not Active,911,911,911
912,Mil,Emanuel,memanuelpb@twitpic.com,07/10/2022,+967 354 667 3370,Not Active,912,912,912
913,Milzie,Patron,mpatronpc@nbcnews.com,01/18/2022,+380 253 948 0145,Not Active,913,913,913
914,Trix,Aicken,taickenpd@elpais.com,10/18/2021,+1 920 895 9968,Not Active,914,914,914
915,Dulcie,Landon,dlandonpe@cpanel.net,03/04/2021,+261 318 163 4834,Not Active,915,915,915
916,Linnie,Ellul,lellulpf@addtoany.com,03/07/2022,+46 563 897 4953,Not Active,916,916,916
917,Felice,Segrave,fsegravepg@ted.com,04/27/2021,+66 568 536 9619,Not Active,917,917,917
918,Gregorius,Millington,gmillingtonph@pagesperso-orange.fr,07/10/2022,+62 633 792 3401,Not Active,918,918,918
919,Pippo,Meininking,pmeininkingpi@mapquest.com,11/15/2021,+351 276 843 5007,Not Active,919,919,919
920,Georgeta,Hourahan,ghourahanpj@springer.com,07/12/2020,+1 540 443 9578,Not Active,920,920,920
921,Chere,Rentoll,crentollpk@ocn.ne.jp,06/26/2022,+58 136 501 3524,Not Active,921,921,921
922,Abey,Ducham,aduchampl@webeden.co.uk,10/01/2021,+57 856 521 7296,Not Active,922,922,922
923,Alanah,Motton,amottonpm@walmart.com,04/16/2020,+62 349 666 8764,Not Active,923,923,923
924,Ianthe,Calley,icalleypn@flavors.me,01/07/2021,+54 921 384 5897,Not Active,924,924,924
925,Elnore,Such,esuchpo@house.gov,09/30/2020,+7 161 726 3620,Not Active,925,925,925
926,Kyrstin,McCowen,kmccowenpp@ow.ly,10/29/2020,+504 158 783 2942,Not Active,926,926,926
927,Barnabe,Leaf,bleafpq@multiply.com,05/12/2021,+55 484 322 7722,Not Active,927,927,927
928,Stefania,Ensor,sensorpr@ucla.edu,07/10/2022,+54 397 120 9871,Not Active,928,928,928
929,Sukey,Grundy,sgrundyps@seesaa.net,01/02/2022,+62 609 724 7832,Not Active,929,929,929
930,Emmaline,Cawthery,ecawtherypt@quantcast.com,12/25/2022,+62 747 513 1685,Not Active,930,930,930
931,Cyril,Tuther,ctutherpu@yelp.com,01/22/2020,+48 132 348 9595,Not Active,931,931,931
932,Sibyl,Lanfear,slanfearpv@pagesperso-orange.fr,11/24/2021,+66 117 747 5048,Not Active,932,932,932
933,Teddi,Tomankowski,ttomankowskipw@apache.org,06/16/2022,+509 181 396 4973,Not Active,933,933,933
934,Saba,Camings,scamingspx@mediafire.com,06/13/2022,+30 667 738 7881,Not Active,934,934,934
935,Andrei,Stooders,astooderspy@fastcompany.com,02/20/2022,+55 458 949 6687,Not Active,935,935,935
936,Gregg,Woolliams,gwoolliamspz@aboutads.info,12/23/2020,+48 260 641 6066,Not Active,936,936,936
937,Theodor,Akaster,takasterq0@constantcontact.com,08/03/2020,+420 771 673 1881,Not Active,937,937,937
938,Nicolas,Winspire,nwinspireq1@vistaprint.com,10/15/2021,+86 511 534 8350,Not Active,938,938,938
939,Schuyler,Osinin,sosininq2@google.co.jp,10/27/2021,+86 381 558 2458,Not Active,939,939,939
940,Bendick,Ricciardo,bricciardoq3@sourceforge.net,03/10/2022,+58 522 977 3971,Not Active,940,940,940
941,Grady,Lamball,glamballq4@google.com.au,09/01/2022,+86 383 101 3007,Not Active,941,941,941
942,Hadlee,Seagrave,hseagraveq5@weebly.com,02/25/2022,+1 836 263 4378,Not Active,942,942,942
943,Vevay,Fideler,vfidelerq6@shutterfly.com,02/20/2021,+7 215 338 4109,Not Active,943,943,943
944,Ferrel,O'Carroll,focarrollq7@linkedin.com,03/26/2022,+92 176 719 9858,Not Active,944,944,944
945,Derrick,Januszkiewicz,djanuszkiewiczq8@woothemes.com,10/27/2021,+48 563 340 8370,Not Active,945,945,945
946,Nanci,Tittershill,ntittershillq9@issuu.com,02/25/2021,+55 622 489 9258,Not Active,946,946,946
947,Adelice,Disney,adisneyqa@wikimedia.org,09/20/2021,+66 909 704 3634,Not Active,947,947,947
948,Honey,Cahen,hcahenqb@studiopress.com,10/26/2020,+351 667 931 3304,Not Active,948,948,948
949,Ricki,Prinett,rprinettqc@biglobe.ne.jp,11/27/2022,+351 783 948 8369,Not Active,949,949,949
950,Hamid,Wink,hwinkqd@harvard.edu,11/03/2021,+62 933 388 9709,Not Active,950,950,950
951,Nick,Bettleson,nbettlesonqe@360.cn,09/04/2022,+30 872 192 6182,Not Active,951,951,951
952,Yule,McElrath,ymcelrathqf@google.cn,12/22/2020,+351 363 680 8059,Not Active,952,952,952
953,Arleen,Sarten,asartenqg@hao123.com,04/25/2020,+62 497 975 2921,Not Active,953,953,953
954,Minta,Byway,mbywayqh@blogger.com,09/09/2022,+92 549 874 0026,Not Active,954,954,954
955,Leila,Blaszczyk,lblaszczykqi@hatena.ne.jp,06/17/2021,+63 504 554 5689,Not Active,955,955,955
956,Stanley,Brou,sbrouqj@google.co.jp,04/20/2020,+254 904 701 6917,Not Active,956,956,956
957,Linc,Hattoe,lhattoeqk@eventbrite.com,04/30/2021,+33 429 178 9570,Not Active,957,957,957
958,Sunny,Snook,ssnookql@nyu.edu,09/21/2022,+46 143 787 6001,Not Active,958,958,958
959,Jacquetta,Bosson,jbossonqm@china.com.cn,03/25/2022,+86 977 941 3788,Not Active,959,959,959
960,Estel,Muggeridge,emuggeridgeqn@un.org,04/03/2021,+62 661 967 5131,Not Active,960,960,960
961,Austin,Weatherell,aweatherellqo@patch.com,04/30/2020,+63 633 892 1728,Not Active,961,961,961
962,Berty,Vasyunichev,bvasyunichevqp@craigslist.org,10/13/2020,+63 158 344 9763,Not Active,962,962,962
963,Bertine,Bellie,bbellieqq@xrea.com,07/28/2021,+420 890 203 8968,Not Active,963,963,963
964,Clyve,Mairs,cmairsqr@yandex.ru,12/24/2021,+261 836 857 1657,Not Active,964,964,964
965,Calv,Celli,ccelliqs@xing.com,03/27/2021,+86 522 347 3812,Not Active,965,965,965
966,See,Middlemist,smiddlemistqt@ameblo.jp,11/28/2020,+52 146 770 2764,Not Active,966,966,966
967,Farlee,Genge,fgengequ@ovh.net,10/23/2022,+7 241 712 6764,Not Active,967,967,967
968,Decca,Aireton,dairetonqv@ustream.tv,10/14/2021,+1 347 236 8664,Not Active,968,968,968
969,Eric,Deuss,edeussqw@huffingtonpost.com,11/27/2021,+380 426 967 2771,Not Active,969,969,969
970,Tybalt,Hollyland,thollylandqx@acquirethisname.com,03/14/2020,+351 785 877 5453,Not Active,970,970,970
971,Rosa,Hagland,rhaglandqy@infoseek.co.jp,02/13/2021,+86 545 534 8339,Not Active,971,971,971
972,Evita,Berka,eberkaqz@soundcloud.com,05/07/2020,+7 412 660 0402,Not Active,972,972,972
973,Vivie,Sheen,vsheenr0@dropbox.com,11/11/2022,+62 532 639 9794,Not Active,973,973,973
974,Yvon,Demanche,ydemancher1@altervista.org,01/24/2022,+86 796 444 6725,Not Active,974,974,974
975,Gwendolyn,Baudy,gbaudyr2@360.cn,03/22/2022,+51 179 161 2225,Not Active,975,975,975
976,Vere,Krzyzowski,vkrzyzowskir3@bizjournals.com,10/04/2021,+7 445 404 8534,Not Active,976,976,976
977,Ynez,Townend,ytownendr4@sphinn.com,07/21/2021,+86 533 100 2933,Not Active,977,977,977
978,Lezlie,Deedes,ldeedesr5@shinystat.com,09/10/2021,+46 496 885 1873,Not Active,978,978,978
979,Hinda,Laurentin,hlaurentinr6@quantcast.com,03/13/2020,+30 212 597 0307,Not Active,979,979,979
980,Carena,Cuncarr,ccuncarrr7@smugmug.com,01/10/2021,+1 214 188 7121,Not Active,980,980,980
981,Denna,Lawlan,dlawlanr8@yandex.ru,01/16/2020,+33 425 217 4877,Not Active,981,981,981
982,Deloria,Wortt,dworttr9@blogspot.com,02/15/2021,+86 257 375 3013,Not Active,982,982,982
983,Carlyn,Treherne,ctrehernera@slate.com,11/04/2022,+86 479 953 4415,Not Active,983,983,983
984,Hedwiga,Gleader,hgleaderrb@deliciousdays.com,12/26/2022,+86 226 353 6185,Not Active,984,984,984
985,Teador,Halvosen,thalvosenrc@i2i.jp,04/04/2020,+63 962 941 8238,Not Active,985,985,985
986,Abbey,Scullion,ascullionrd@wired.com,07/15/2021,+352 531 142 0561,Not Active,986,986,986
987,Ambrosi,Gallimore,agallimorere@noaa.gov,02/20/2021,+81 417 442 9181,Not Active,987,987,987
988,Brook,Fattorini,bfattorinirf@google.com.au,11/26/2022,+62 781 145 8136,Not Active,988,988,988
989,Kaitlynn,Whyard,kwhyardrg@narod.ru,10/28/2021,+7 373 570 9661,Not Active,989,989,989
990,Stafford,McKeney,smckeneyrh@telegraph.co.uk,10/30/2020,+95 822 105 8618,Not Active,990,990,990
991,Ingra,Tomas,itomasri@studiopress.com,05/04/2021,+236 928 846 9685,Not Active,991,991,991
992,Stevie,Gettins,sgettinsrj@psu.edu,08/06/2022,+351 558 165 9199,Not Active,992,992,992
993,Pieter,Pughe,ppugherk@ftc.gov,11/07/2020,+7 700 718 0367,Not Active,993,993,993
994,Mollie,Sikorski,msikorskirl@cornell.edu,01/08/2021,+51 227 714 4477,Not Active,994,994,994
995,Rozamond,Aarons,raaronsrm@earthlink.net,07/13/2021,+1 274 635 2776,Not Active,995,995,995
996,Aloin,Royall,aroyallrn@freewebs.com,09/30/2021,+55 354 578 3949,Not Active,996,996,996
997,Ingaberg,Caldero,icalderoro@cdbaby.com,04/06/2022,+351 143 116 5121,Not Active,997,997,997
998,Maximilien,Lepard,mlepardrp@wikia.com,09/17/2022,+63 932 965 2600,Not Active,998,998,998
999,Eolande,Mullen,emullenrq@quantcast.com,11/22/2022,+86 291 126 8304,Not Active,999,999,999
1000,Brenna,Chesson,bchessonrr@mail.ru,07/14/2021,+62 481 468 5504,Not Active,1000,1000,1000
