m3588.png,m3588
gbxyy.png,gbxyy
5ep3n.png,5ep3n
x37bf.png,x37bf
b84xc.png,b84xc
g2577.png,g2577
gcfgp.png,gcfgp
7g3nf.png,7g3nf
cnwyc.png,cnwyc
3xng6.png,3xng6
5x5nx.png,5x5nx
d22n7.png,d22n7
cfc56.png,cfc56
cx3wg.png,cx3wg
fxpw3.png,fxpw3
c86md.png,c86md
4n2yg.png,4n2yg
5np4m.png,5np4m
f35xp.png,f35xp
4gb3f.png,4gb3f
387g2.png,387g2
6dd2y.png,6dd2y
6e6pn.png,6e6pn
2en7g.png,2en7g
w8bnx.png,w8bnx
mfc35.png,mfc35
b26nd.png,b26nd
gm6nn.png,gm6nn
7w67m.png,7w67m
34pcn.png,34pcn
4f8yp.png,4f8yp
nbmx7.png,nbmx7
c3572.png,c3572
8npe3.png,8npe3
2mg87.png,2mg87
mpxfb.png,mpxfb
445cc.png,445cc
d2nbn.png,d2nbn
pm47f.png,pm47f
3dgmf.png,3dgmf
edg3p.png,edg3p
c2g4d.png,c2g4d
nn4wx.png,nn4wx
y3c58.png,y3c58
8ne4g.png,8ne4g
g2fnw.png,g2fnw
5325m.png,5325m
n8pfe.png,n8pfe
b2nen.png,b2nen
wxcn8.png,wxcn8
wf684.png,wf684
5gcd3.png,5gcd3
3d7bd.png,3d7bd
m5meg.png,m5meg
nw5b2.png,nw5b2
dmw8n.png,dmw8n
4exnn.png,4exnn
x7422.png,x7422
n373n.png,n373n
pf4nb.png,pf4nb
ee8fg.png,ee8fg
dd764.png,dd764
6xpme.png,6xpme
gy8xb.png,gy8xb
4c8n8.png,4c8n8
7yf62.png,7yf62
47m2b.png,47m2b
wnpec.png,wnpec
pnmxf.png,pnmxf
m3b5p.png,m3b5p
nfd8g.png,nfd8g
4ycex.png,4ycex
8n56m.png,8n56m
8n5p3.png,8n5p3
yf28d.png,yf28d
pdcp4.png,pdcp4
43mn5.png,43mn5
mc8w2.png,mc8w2
de7f8.png,de7f8
fg7mg.png,fg7mg
7f8b3.png,7f8b3
5n3w4.png,5n3w4
e8e5e.png,e8e5e
8bbm4.png,8bbm4
m448b.png,m448b
pmg55.png,pmg55
8bbw8.png,8bbw8
8npd5.png,8npd5
mmfm6.png,mmfm6
7gmf3.png,7gmf3
77n6g.png,77n6g
6e2dg.png,6e2dg
eppg3.png,eppg3
5mfff.png,5mfff
8n4n8.png,8n4n8
emwpn.png,emwpn
88bgx.png,88bgx
by5y3.png,by5y3
f6ne5.png,f6ne5
w48cw.png,w48cw
n4wwn.png,n4wwn
7wn74.png,7wn74
e4gd7.png,e4gd7
yg5bb.png,yg5bb
my84e.png,my84e
ydg8n.png,ydg8n
2wx73.png,2wx73
ywn6f.png,ywn6f
6f2yc.png,6f2yc
d22y5.png,d22y5
c8fxy.png,c8fxy
82fx2.png,82fx2
76353.png,76353
b35f6.png,b35f6
87d4c.png,87d4c
42xpy.png,42xpy
33p4e.png,33p4e
xcf88.png,xcf88
7wyp4.png,7wyp4
7xcyd.png,7xcyd
mb4en.png,mb4en
3nfdn.png,3nfdn
wmpmp.png,wmpmp
3ndxd.png,3ndxd
p2dw7.png,p2dw7
7mgmf.png,7mgmf
pcede.png,pcede
f753f.png,f753f
nmw46.png,nmw46
y2436.png,y2436
fp3wy.png,fp3wy
xymfn.png,xymfn
6pwcn.png,6pwcn
368y5.png,368y5
gecmf.png,gecmf
b5pnn.png,b5pnn
nbp3e.png,nbp3e
3p67n.png,3p67n
bgd4m.png,bgd4m
nngxc.png,nngxc
nbf8m.png,nbf8m
38n57.png,38n57
x74b2.png,x74b2
8eggg.png,8eggg
bxxfc.png,bxxfc
865wm.png,865wm
nbcgb.png,nbcgb
64m82.png,64m82
53mn8.png,53mn8
fw3b2.png,fw3b2
mw5p2.png,mw5p2
5ng6e.png,5ng6e
53wb8.png,53wb8
pw5nc.png,pw5nc
dnmd8.png,dnmd8
p24gn.png,p24gn
33ng4.png,33ng4
efb3f.png,efb3f
ndecc.png,ndecc
3ebnn.png,3ebnn
excmn.png,excmn
6dmx7.png,6dmx7
gnc3n.png,gnc3n
y5w28.png,y5w28
bp6mw.png,bp6mw
cnmnn.png,cnmnn
bbymy.png,bbymy
nfg23.png,nfg23
2p2y8.png,2p2y8
6ng6n.png,6ng6n
5bgp2.png,5bgp2
gymmn.png,gymmn
226md.png,226md
cdcb3.png,cdcb3
pe4xn.png,pe4xn
fg8n4.png,fg8n4
e6m6p.png,e6m6p
d4ppy.png,d4ppy
gy5bf.png,gy5bf
6n5fd.png,6n5fd
y4n6m.png,y4n6m
e43ym.png,e43ym
6cm6m.png,6cm6m
33f7m.png,33f7m
3ym7f.png,3ym7f
8c2wy.png,8c2wy
mbp2y.png,mbp2y
78eec.png,78eec
e72cd.png,e72cd
x7547.png,x7547
w4x2m.png,w4x2m
nn6mg.png,nn6mg
w4cdc.png,w4cdc
fwxdp.png,fwxdp
y7d75.png,y7d75
b5fm7.png,b5fm7
nbwnn.png,nbwnn
pwebm.png,pwebm
md344.png,md344
dmxp8.png,dmxp8
7b4bm.png,7b4bm
wecfd.png,wecfd
w4nfx.png,w4nfx
bw6n6.png,bw6n6
wg625.png,wg625
xgcxy.png,xgcxy
pf5ng.png,pf5ng
c5xne.png,c5xne
e76n4.png,e76n4
g3dy6.png,g3dy6
pme86.png,pme86
nbwpn.png,nbwpn
f858x.png,f858x
mfb3x.png,mfb3x
243mm.png,243mm
cdmn8.png,cdmn8
3wnd3.png,3wnd3
76nxn.png,76nxn
n6f4b.png,n6f4b
3bx86.png,3bx86
28x47.png,28x47
d7nn3.png,d7nn3
x38fn.png,x38fn
f6ww8.png,f6ww8
8pfxx.png,8pfxx
deneb.png,deneb
deep5.png,deep5
f5cm2.png,f5cm2
ewnx8.png,ewnx8
yfdn7.png,yfdn7
gpnxn.png,gpnxn
x7746.png,x7746
ddnpf.png,ddnpf
n7dyb.png,n7dyb
cc845.png,cc845
fp762.png,fp762
c2yn8.png,c2yn8
wxy4n.png,wxy4n
6mege.png,6mege
y48c3.png,y48c3
x362g.png,x362g
678w3.png,678w3
gn2xy.png,gn2xy
34b84.png,34b84
pg4bf.png,pg4bf
5dxnm.png,5dxnm
c6we6.png,c6we6
edwny.png,edwny
6pfy4.png,6pfy4
32dnn.png,32dnn
dnxdp.png,dnxdp
5bnd7.png,5bnd7
dw3nn.png,dw3nn
52447.png,52447
4m2w5.png,4m2w5
ncyx8.png,ncyx8
ng6yp.png,ng6yp
f85y3.png,f85y3
dyp7n.png,dyp7n
fy2nd.png,fy2nd
3p4nn.png,3p4nn
f83pn.png,f83pn
8gmc4.png,8gmc4
w6yne.png,w6yne
ypw3d.png,ypw3d
m457d.png,m457d
bdbb3.png,bdbb3
ewcf5.png,ewcf5
mxyxw.png,mxyxw
myc3c.png,myc3c
ggd7m.png,ggd7m
xngxc.png,xngxc
5wddw.png,5wddw
823p2.png,823p2
ffpxf.png,ffpxf
43p5d.png,43p5d
n7ebx.png,n7ebx
fyfbn.png,fyfbn
8nn73.png,8nn73
2enf4.png,2enf4
gnf85.png,gnf85
w52fn.png,w52fn
47e4p.png,47e4p
7fde7.png,7fde7
e3ndn.png,e3ndn
5mgn4.png,5mgn4
4gycb.png,4gycb
cewnm.png,cewnm
5xwcg.png,5xwcg
4yc85.png,4yc85
m4g8g.png,m4g8g
5nnff.png,5nnff
f228n.png,f228n
f4wfn.png,f4wfn
nxcmn.png,nxcmn
de45x.png,de45x
37ep6.png,37ep6
m2nf4.png,m2nf4
4dgf7.png,4dgf7
ny5dp.png,ny5dp
ddpyb.png,ddpyb
268g2.png,268g2
xnnc3.png,xnnc3
2ycn8.png,2ycn8
85dxn.png,85dxn
nxn4f.png,nxn4f
6ydyp.png,6ydyp
4nc37.png,4nc37
fcmem.png,fcmem
nm248.png,nm248
428b6.png,428b6
n7ff2.png,n7ff2
5n728.png,5n728
mcc2x.png,mcc2x
65m85.png,65m85
6c3p5.png,6c3p5
5p8fm.png,5p8fm
6c3n6.png,6c3n6
253dc.png,253dc
wyc25.png,wyc25
dnne7.png,dnne7
egxmp.png,egxmp
x4f7g.png,x4f7g
x3deb.png,x3deb
ygenn.png,ygenn
dpbyd.png,dpbyd
byfgn.png,byfgn
c353e.png,c353e
m8gmx.png,m8gmx
dbex3.png,dbex3
cd6p4.png,cd6p4
fcey3.png,fcey3
e6b7y.png,e6b7y
y2ye8.png,y2ye8
7dgc2.png,7dgc2
bm3p8.png,bm3p8
n3x4c.png,n3x4c
b3xpn.png,b3xpn
mwdf6.png,mwdf6
n2gmg.png,n2gmg
8g4yp.png,8g4yp
bny23.png,bny23
43xfe.png,43xfe
ebcbx.png,ebcbx
m5ym2.png,m5ym2
ypp8f.png,ypp8f
nmy2x.png,nmy2x
gf2g4.png,gf2g4
pnnwy.png,pnnwy
7dwx4.png,7dwx4
2npg6.png,2npg6
nwfde.png,nwfde
8wy7d.png,8wy7d
xwx7d.png,xwx7d
c8n8c.png,c8n8c
cm6yb.png,cm6yb
d22bd.png,d22bd
76n7p.png,76n7p
n3m6x.png,n3m6x
gm7n8.png,gm7n8
244e2.png,244e2
36bc2.png,36bc2
23mdg.png,23mdg
ffd6p.png,ffd6p
m75bf.png,m75bf
fbp2c.png,fbp2c
b4y5x.png,b4y5x
d8xcn.png,d8xcn
bpwd7.png,bpwd7
cpe63.png,cpe63
dbpcd.png,dbpcd
pwn5e.png,pwn5e
dbfen.png,dbfen
e2mg2.png,e2mg2
m67b3.png,m67b3
m22e3.png,m22e3
y4g3b.png,y4g3b
w6pxy.png,w6pxy
7634y.png,7634y
537nf.png,537nf
e7x45.png,e7x45
w46ep.png,w46ep
c6f8g.png,c6f8g
dce8y.png,dce8y
cgcgb.png,cgcgb
gc83b.png,gc83b
8xef7.png,8xef7
664nf.png,664nf
2mpnn.png,2mpnn
x277e.png,x277e
7pcd7.png,7pcd7
xfg65.png,xfg65
efg72.png,efg72
gy433.png,gy433
7bwm2.png,7bwm2
bw5ym.png,bw5ym
8684m.png,8684m
xbem6.png,xbem6
65ebm.png,65ebm
6xen4.png,6xen4
2fxgd.png,2fxgd
6f857.png,6f857
w4cnn.png,w4cnn
8ypdn.png,8ypdn
d7c5x.png,d7c5x
6m5eg.png,6m5eg
264m5.png,264m5
bnc2f.png,bnc2f
556wd.png,556wd
y33nm.png,y33nm
56m6y.png,56m6y
nfbg8.png,nfbg8
cdfen.png,cdfen
5mnpd.png,5mnpd
d666m.png,d666m
7e2y7.png,7e2y7
6825y.png,6825y
mmg38.png,mmg38
58pnp.png,58pnp
c2fb7.png,c2fb7
bw44w.png,bw44w
7gce6.png,7gce6
ycmcw.png,ycmcw
cpc8c.png,cpc8c
fc2ff.png,fc2ff
728n8.png,728n8
3bd8f.png,3bd8f
5yxgp.png,5yxgp
gp7c5.png,gp7c5
8gf7n.png,8gf7n
32cnn.png,32cnn
8db67.png,8db67
xdn65.png,xdn65
57gnx.png,57gnx
pym7p.png,pym7p
gwnm6.png,gwnm6
6p2ge.png,6p2ge
mmg2m.png,mmg2m
5mf7c.png,5mf7c
cnex4.png,cnex4
wdww8.png,wdww8
efe62.png,efe62
c4527.png,c4527
74853.png,74853
px2xp.png,px2xp
wb3ed.png,wb3ed
g888x.png,g888x
6e554.png,6e554
cb8cf.png,cb8cf
mmc5n.png,mmc5n
8np22.png,8np22
p2m6n.png,p2m6n
bny4w.png,bny4w
8c23f.png,8c23f
ngn26.png,ngn26
xcmbp.png,xcmbp
7d44m.png,7d44m
c4mcm.png,c4mcm
6bnnm.png,6bnnm
wbncw.png,wbncw
3ebpw.png,3ebpw
mg5nn.png,mg5nn
fncnb.png,fncnb
2nbcx.png,2nbcx
7dxbd.png,7dxbd
pybee.png,pybee
xyncc.png,xyncc
p8c24.png,p8c24
8fexn.png,8fexn
6mygb.png,6mygb
373gb.png,373gb
6mn8n.png,6mn8n
2gyb6.png,2gyb6
6b4w6.png,6b4w6
y7mnm.png,y7mnm
785n4.png,785n4
d4n82.png,d4n82
xce8d.png,xce8d
5nm6d.png,5nm6d
7dyww.png,7dyww
fnbfw.png,fnbfw
3n3cf.png,3n3cf
2g783.png,2g783
p4pde.png,p4pde
3bfnd.png,3bfnd
3w2bw.png,3w2bw
573bn.png,573bn
7p852.png,7p852
m74dm.png,m74dm
nfcwy.png,nfcwy
gnbde.png,gnbde
fc6xb.png,fc6xb
men4f.png,men4f
pdw38.png,pdw38
pmf5w.png,pmf5w
ymp7g.png,ymp7g
pp87n.png,pp87n
y866y.png,y866y
efx34.png,efx34
pyefb.png,pyefb
57wdp.png,57wdp
8n65n.png,8n65n
c7nn8.png,c7nn8
3n2b4.png,3n2b4
573d8.png,573d8
dyxnc.png,dyxnc
6fg8c.png,6fg8c
nd5wg.png,nd5wg
nbfx5.png,nbfx5
wfy5m.png,wfy5m
3fbxd.png,3fbxd
yd3m3.png,yd3m3
gp22x.png,gp22x
25p2m.png,25p2m
fpw76.png,fpw76
24f6w.png,24f6w
xf5g7.png,xf5g7
cwmny.png,cwmny
n5cm7.png,n5cm7
pp546.png,pp546
x6b5m.png,x6b5m
53wp3.png,53wp3
w2e87.png,w2e87
m2576.png,m2576
7wnpm.png,7wnpm
xc68n.png,xc68n
64b3p.png,64b3p
be3bp.png,be3bp
myf82.png,myf82
nny5e.png,nny5e
p8ngx.png,p8ngx
8y6b3.png,8y6b3
cfc2y.png,cfc2y
25w53.png,25w53
n2by7.png,n2by7
664dn.png,664dn
488de.png,488de
4d22m.png,4d22m
mddgb.png,mddgb
44ype.png,44ype
x347n.png,x347n
g7gnf.png,g7gnf
cd4eg.png,cd4eg
4b2pw.png,4b2pw
ddcne.png,ddcne
2cg58.png,2cg58
67dey.png,67dey
yw7ny.png,yw7ny
befbd.png,befbd
ndg2b.png,ndg2b
gc277.png,gc277
nf8b8.png,nf8b8
gwn53.png,gwn53
yemy4.png,yemy4
cwgyx.png,cwgyx
nnf8b.png,nnf8b
8n62n.png,8n62n
yd38e.png,yd38e
xmcym.png,xmcym
6n6gg.png,6n6gg
2nf26.png,2nf26
37d52.png,37d52
325fb.png,325fb
77387.png,77387
y2xg4.png,y2xg4
yy824.png,yy824
36nx4.png,36nx4
f22bn.png,f22bn
4fc36.png,4fc36
bdg84.png,bdg84
yf424.png,yf424
d378n.png,d378n
gdng3.png,gdng3
bgb48.png,bgb48
e25xg.png,e25xg
een23.png,een23
gny6b.png,gny6b
enpw2.png,enpw2
gw53m.png,gw53m
nnn5p.png,nnn5p
mdxpn.png,mdxpn
ep85x.png,ep85x
3den6.png,3den6
7nnnx.png,7nnnx
377xx.png,377xx
ecd4w.png,ecd4w
8e32m.png,8e32m
yf347.png,yf347
dd5w5.png,dd5w5
e7nx4.png,e7nx4
378e5.png,378e5
6fgdw.png,6fgdw
xf4p4.png,xf4p4
x76mn.png,x76mn
5g5e5.png,5g5e5
832f3.png,832f3
dmx8p.png,dmx8p
yew6p.png,yew6p
xbcbx.png,xbcbx
gd8fb.png,gd8fb
n3ffn.png,n3ffn
pxne8.png,pxne8
pg2yx.png,pg2yx
2g7nm.png,2g7nm
2w4y7.png,2w4y7
x44n4.png,x44n4
gn2d3.png,gn2d3
pgmn2.png,pgmn2
nwncn.png,nwncn
xxney.png,xxney
3ye2e.png,3ye2e
c4bny.png,c4bny
bwmee.png,bwmee
nfcb5.png,nfcb5
gfxcc.png,gfxcc
feyc8.png,feyc8
gpxng.png,gpxng
n5w5g.png,n5w5g
ccf2w.png,ccf2w
g7fmc.png,g7fmc
d6fcn.png,d6fcn
646x8.png,646x8
gm2c2.png,gm2c2
73mnx.png,73mnx
xfn6n.png,xfn6n
6ng6w.png,6ng6w
w8f36.png,w8f36
g6n7x.png,g6n7x
3eny7.png,3eny7
nxc83.png,nxc83
3n7mx.png,3n7mx
ffnxn.png,ffnxn
3ygde.png,3ygde
nb45d.png,nb45d
55w5c.png,55w5c
62nb3.png,62nb3
n6xc5.png,n6xc5
44c22.png,44c22
b5nmm.png,b5nmm
cfp86.png,cfp86
6wb76.png,6wb76
pdyc8.png,pdyc8
wwmn6.png,wwmn6
7bb7b.png,7bb7b
d2ycw.png,d2ycw
7cdge.png,7cdge
5mcy7.png,5mcy7
n3bm6.png,n3bm6
4n3mn.png,4n3mn
58b5m.png,58b5m
d3c8y.png,d3c8y
ef4mn.png,ef4mn
5npdn.png,5npdn
w7e6m.png,w7e6m
w75w8.png,w75w8
25egp.png,25egp
f2fge.png,f2fge
6fn84.png,6fn84
36w25.png,36w25
3x5fm.png,3x5fm
3nw7w.png,3nw7w
mx8bb.png,mx8bb
n464c.png,n464c
b5dn4.png,b5dn4
8nbew.png,8nbew
46mbm.png,46mbm
3xcgg.png,3xcgg
5x7x5.png,5x7x5
2cegf.png,2cegf
pgwnp.png,pgwnp
n4cpy.png,n4cpy
nc4yg.png,nc4yg
ygfwe.png,ygfwe
22d5n.png,22d5n
2356g.png,2356g
gc2wd.png,gc2wd
pbpgc.png,pbpgc
ng46m.png,ng46m
4w76g.png,4w76g
n7enn.png,n7enn
nf2n8.png,nf2n8
2yggg.png,2yggg
px8n8.png,px8n8
c3n8x.png,c3n8x
2n73f.png,2n73f
yyn57.png,yyn57
p57fn.png,p57fn
ncww7.png,ncww7
en4n4.png,en4n4
bc8nf.png,bc8nf
677g3.png,677g3
xw465.png,xw465
cdf77.png,cdf77
ny8np.png,ny8np
2bg48.png,2bg48
xdcn4.png,xdcn4
fcne6.png,fcne6
nm46n.png,nm46n
e46yw.png,e46yw
cen55.png,cen55
56c34.png,56c34
7m8px.png,7m8px
mwxwp.png,mwxwp
7xd5m.png,7xd5m
x5nyn.png,x5nyn
p2ym2.png,p2ym2
c4bgd.png,c4bgd
y4ec2.png,y4ec2
72m6f.png,72m6f
f4fn2.png,f4fn2
n6nn2.png,n6nn2
ne325.png,ne325
wgnwp.png,wgnwp
pmd3w.png,pmd3w
g3ex3.png,g3ex3
5bb66.png,5bb66
p5nce.png,p5nce
68wfd.png,68wfd
3b4we.png,3b4we
gnbn4.png,gnbn4
wm746.png,wm746
55y2m.png,55y2m
5p3mm.png,5p3mm
m8m4x.png,m8m4x
bmxpe.png,bmxpe
pgg3n.png,pgg3n
bnc5f.png,bnc5f
wce5n.png,wce5n
exycn.png,exycn
wd2gb.png,wd2gb
d3c7y.png,d3c7y
x775w.png,x775w
c482b.png,c482b
ennmm.png,ennmm
w2yp7.png,w2yp7
n5x2n.png,n5x2n
8cccc.png,8cccc
n8fp6.png,n8fp6
ef4np.png,ef4np
d7en3.png,d7en3
8d4wm.png,8d4wm
xxbm5.png,xxbm5
cwdnx.png,cwdnx
66wp5.png,66wp5
x4gg5.png,x4gg5
5fyem.png,5fyem
mm3nn.png,mm3nn
3nnpw.png,3nnpw
mgdwb.png,mgdwb
yw667.png,yw667
mc35n.png,mc35n
y53c2.png,y53c2
245y5.png,245y5
dn26n.png,dn26n
mcg43.png,mcg43
4nnf3.png,4nnf3
ddcdd.png,ddcdd
m3wfw.png,m3wfw
mxnw4.png,mxnw4
ncfgb.png,ncfgb
5n245.png,5n245
nfndw.png,nfndw
3cpwb.png,3cpwb
d8dce.png,d8dce
33b22.png,33b22
2x7bm.png,2x7bm
gng6e.png,gng6e
nnn57.png,nnn57
76y6f.png,76y6f
34fxm.png,34fxm
fp5wn.png,fp5wn
2cgyx.png,2cgyx
658xe.png,658xe
eng53.png,eng53
ndyfe.png,ndyfe
4433m.png,4433m
gxxpf.png,gxxpf
4fp5g.png,4fp5g
gxx2p.png,gxx2p
p2x7x.png,p2x7x
y7x8p.png,y7x8p
5pm6b.png,5pm6b
2wc38.png,2wc38
c2pg6.png,c2pg6
y5n6d.png,y5n6d
p6mn8.png,p6mn8
3mxdn.png,3mxdn
ccn2x.png,ccn2x
6xxdx.png,6xxdx
3pe4g.png,3pe4g
nxx25.png,nxx25
cfn53.png,cfn53
f75cx.png,f75cx
g247w.png,g247w
662bw.png,662bw
b6f2p.png,b6f2p
wye85.png,wye85
yeyn4.png,yeyn4
8y63f.png,8y63f
e46pd.png,e46pd
f2m8n.png,f2m8n
dbny3.png,dbny3
x4pnp.png,x4pnp
xe8xm.png,xe8xm
dn2ym.png,dn2ym
8w875.png,8w875
g78gn.png,g78gn
5nggg.png,5nggg
dxwcw.png,dxwcw
pgm2e.png,pgm2e
dn5df.png,dn5df
ny3nn.png,ny3nn
5expp.png,5expp
4egem.png,4egem
y5dpp.png,y5dpp
en32e.png,en32e
2pfpn.png,2pfpn
n4xx5.png,n4xx5
dy3cx.png,dy3cx
d66cn.png,d66cn
478nx.png,478nx
8cm46.png,8cm46
xnd3y.png,xnd3y
f5e5e.png,f5e5e
b685n.png,b685n
neecd.png,neecd
p7fyp.png,p7fyp
be6np.png,be6np
mmy5n.png,mmy5n
pxdwp.png,pxdwp
bp2d4.png,bp2d4
b55d6.png,b55d6
dcnp8.png,dcnp8
m4fd8.png,m4fd8
8n2pg.png,8n2pg
b2g8e.png,b2g8e
pm363.png,pm363
dfnx4.png,dfnx4
7pn5g.png,7pn5g
nwg2m.png,nwg2m
mpmy5.png,mpmy5
b43nw.png,b43nw
n7meb.png,n7meb
xyyyw.png,xyyyw
44fyb.png,44fyb
efgx5.png,efgx5
wddcp.png,wddcp
4743p.png,4743p
n336e.png,n336e
f8f8g.png,f8f8g
7gp47.png,7gp47
gewfy.png,gewfy
x8e8n.png,x8e8n
c7gb3.png,c7gb3
bw5nf.png,bw5nf
3ny45.png,3ny45
dw8d3.png,dw8d3
4cfw8.png,4cfw8
7fmcy.png,7fmcy
6end3.png,6end3
defyx.png,defyx
74eyg.png,74eyg
gfp54.png,gfp54
mnef5.png,mnef5
6bxwg.png,6bxwg
2xc2n.png,2xc2n
c6745.png,c6745
474ff.png,474ff
ppx77.png,ppx77
68x48.png,68x48
fg38b.png,fg38b
28348.png,28348
675p3.png,675p3
mn5c4.png,mn5c4
3x325.png,3x325
n265y.png,n265y
bn5mw.png,bn5mw
byc82.png,byc82
25257.png,25257
3bnyf.png,3bnyf
g8gnd.png,g8gnd
e84n2.png,e84n2
6cwxe.png,6cwxe
e2d66.png,e2d66
6b46g.png,6b46g
bgem5.png,bgem5
mp7wp.png,mp7wp
xfgxb.png,xfgxb
ec6pm.png,ec6pm
neggn.png,neggn
574d7.png,574d7
f74x3.png,f74x3
f7cey.png,f7cey
n5n8b.png,n5n8b
33n73.png,33n73
5f3gf.png,5f3gf
2nx38.png,2nx38
nnp4e.png,nnp4e
wc2bd.png,wc2bd
c55c6.png,c55c6
pg2pm.png,pg2pm
7gnge.png,7gnge
w2n7e.png,w2n7e
xp24p.png,xp24p
8w754.png,8w754
xemyg.png,xemyg
4cn7b.png,4cn7b
43gey.png,43gey
dw6mn.png,dw6mn
pyf65.png,pyf65
b4ncn.png,b4ncn
fdpgd.png,fdpgd
7y2x4.png,7y2x4
wnmyn.png,wnmyn
enn7n.png,enn7n
xnfx5.png,xnfx5
ybfx6.png,ybfx6
y32yy.png,y32yy
xe6eb.png,xe6eb
m23bp.png,m23bp
ng2gw.png,ng2gw
pcpg6.png,pcpg6
ycnfc.png,ycnfc
yd755.png,yd755
6p7gx.png,6p7gx
4w6mw.png,4w6mw
g7wxw.png,g7wxw
g55b4.png,g55b4
pn7pn.png,pn7pn
b4d7c.png,b4d7c
5ywwf.png,5ywwf
gcx6f.png,gcx6f
bf52c.png,bf52c
xxw44.png,xxw44
pwmbn.png,pwmbn
8n5pn.png,8n5pn
cffp4.png,cffp4
c43b4.png,c43b4
mye68.png,mye68
wm47f.png,wm47f
8n34n.png,8n34n
c753e.png,c753e
n4b4m.png,n4b4m
44xe8.png,44xe8
cg5dd.png,cg5dd
467d5.png,467d5
mggce.png,mggce
75pfw.png,75pfw
x458w.png,x458w
57b27.png,57b27
ddmyg.png,ddmyg
n7g4f.png,n7g4f
yyg5g.png,yyg5g
nnfx3.png,nnfx3
6ge3p.png,6ge3p
cfw6e.png,cfw6e
nb267.png,nb267
42nxy.png,42nxy
m6n4x.png,m6n4x
6bdn5.png,6bdn5
6gnm3.png,6gnm3
d75b5.png,d75b5
6g45w.png,6g45w
gd4mf.png,gd4mf
e8dxn.png,e8dxn
mdyp7.png,mdyp7
x5f54.png,x5f54
5xd2e.png,5xd2e
8b735.png,8b735
x6pdb.png,x6pdb
x8xnp.png,x8xnp
mcyfx.png,mcyfx
ncw4g.png,ncw4g
yxd7m.png,yxd7m
7cgym.png,7cgym
ny3dw.png,ny3dw
e5n66.png,e5n66
gegw4.png,gegw4
bcwnn.png,bcwnn
42dw4.png,42dw4
84w7x.png,84w7x
mgw3n.png,mgw3n
8d2nd.png,8d2nd
77wp4.png,77wp4
gfbx6.png,gfbx6
ydd3g.png,ydd3g
4ynf3.png,4ynf3
2b827.png,2b827
nybcx.png,nybcx
8d8ep.png,8d8ep
23n88.png,23n88
nxxf8.png,nxxf8
pcm7f.png,pcm7f
gw468.png,gw468
nf7bn.png,nf7bn
5n732.png,5n732
g842c.png,g842c
p8wwf.png,p8wwf
6wg4n.png,6wg4n
88y52.png,88y52
xnn4d.png,xnn4d
dc436.png,dc436
yx2d4.png,yx2d4
d236n.png,d236n
f364x.png,f364x
5nxnn.png,5nxnn
bd3b7.png,bd3b7
x3fwf.png,x3fwf
e667x.png,e667x
p4nm4.png,p4nm4
n8ydd.png,n8ydd
mbf58.png,mbf58
8gmnx.png,8gmnx
y5g87.png,y5g87
8gecm.png,8gecm
npxb7.png,npxb7
x2cnn.png,x2cnn
63pxe.png,63pxe
fywb8.png,fywb8
85622.png,85622
p5g5m.png,p5g5m
87nym.png,87nym
25m6p.png,25m6p
6wnyc.png,6wnyc
b28g8.png,b28g8
cy3nw.png,cy3nw
n5wbg.png,n5wbg
3g2w6.png,3g2w6
5bg8f.png,5bg8f
24pew.png,24pew
6n443.png,6n443
ppwyd.png,ppwyd
fp382.png,fp382
ng756.png,ng756
d3ycn.png,d3ycn
56ncx.png,56ncx
4dw3w.png,4dw3w
63824.png,63824
ndme7.png,ndme7
6ecbn.png,6ecbn
