ProjectID,ProjectName,ProjectDescription,LocationID
1,Kuhic Group,Proin interdum mauris non ligula pellentesque ultrices. Phasellus id sapien in sapien iaculis congue. Vivamus metus arcu. adipiscing molestie. hendrerit at. vulputate vitae. nisl.,3
2,Hane-Hintz,Quisque porta volutpat erat. Quisque erat eros. viverra eget. congue eget. semper rutrum. nulla. Nunc purus.,4
3,O'Conner-Schoen,Praesent id massa id nisl venenatis lacinia. Aenean sit amet justo. Morbi ut odio.,2
4,Gusikowski Inc,Praesent blandit. Nam nulla. Integer pede justo. lacinia eget. tincidunt eget. tempus vel. pede.,3
5,Von-Pouros,Morbi porttitor lorem id ligula. Suspendisse ornare consequat lectus. In est risus. auctor sed. tristique in. tempus sit amet. sem.,4
6,Schumm-Schamberger,Duis bibendum. Morbi non quam nec dui luctus rutrum. Nulla tellus.,1
7,Gottlieb LLC,Vestibulum ac est lacinia nisi venenatis tristique. Fusce congue. diam id ornare imperdiet. sapien urna pretium nisl. ut volutpat sapien arcu sed augue. Aliquam erat volutpat.,2
8,Roob and Sons,Curabitur at ipsum ac tellus semper interdum. Mauris ullamcorper purus sit amet nulla. Quisque arcu libero. rutrum ac. lobortis vel. dapibus at. diam.,4
9,Kunze Group,Sed sagittis. Nam congue. risus semper porta volutpat. quam pede lobortis ligula. sit amet eleifend pede libero quis orci. Nullam molestie nibh in lectus.,3
10,Ankunding-Rohan,Morbi porttitor lorem id ligula. Suspendisse ornare consequat lectus. In est risus. auctor sed. tristique in. tempus sit amet. sem.,4
11,Lynch Inc,Fusce consequat. Nulla nisl. Nunc nisl.,4
12,Stiedemann Inc,Proin leo odio. porttitor id. consequat in. consequat ut. nulla. Sed accumsan felis. Ut at dolor quis odio consequat varius.,1
13,Johnston-Zemlak,Pellentesque at nulla. Suspendisse potenti. Cras in purus eu magna vulputate luctus.,4
14,Cruickshank. Glover and Pagac,Phasellus sit amet erat. Nulla tempus. Vivamus in felis eu sapien cursus vestibulum.,3
15,Rice Group,Pellentesque at nulla. Suspendisse potenti. Cras in purus eu magna vulputate luctus.,4
16,Beatty and Sons,Integer ac leo. Pellentesque ultrices mattis odio. Donec vitae nisi.,3
17,Schoen. Waters and Walsh,Cum sociis natoque penatibus et magnis dis parturient montes. nascetur ridiculus mus. Vivamus vestibulum sagittis sapien. Cum sociis natoque penatibus et magnis dis parturient montes. nascetur ridiculus mus.,4
18,Ferry-Wisoky,Nulla ut erat id mauris vulputate elementum. Nullam varius. Nulla facilisi.,2
19,O'Conner-McDermott,In hac habitasse platea dictumst. Morbi vestibulum. velit id pretium iaculis. diam erat fermentum justo. nec condimentum neque sapien placerat ante. Nulla justo.,3
20,Dach Inc,Mauris enim leo. rhoncus sed. vestibulum sit amet. cursus id. turpis. Integer aliquet. massa id lobortis convallis. tortor risus dapibus augue. vel accumsan tellus nisi eu orci. Mauris lacinia sapien quis libero.,3
